split,image_path,label_path,n_boxes,width,height,md5
train,C:\Users\Ramiro\Documents\Trabajo Integrador\cowtrack\data\processed\yolo_aerial_baseline\images\train\train_00000_DJI_20230623110934_0033_V.jpg,C:\Users\Ramiro\Documents\Trabajo Integrador\cowtrack\data\processed\yolo_aerial_baseline\labels\train\train_00000_DJI_20230623110934_0033_V.txt,8,5280,3956,43cdb790cd45f80b08a8da2c56f8912f
train,C:\Users\Ramiro\Documents\Trabajo Integrador\cowtrack\data\processed\yolo_aerial_baseline\images\train\train_00001_DJI_20230809145613_0013_V.jpg,C:\Users\Ramiro\Documents\Trabajo Integrador\cowtrack\data\processed\yolo_aerial_baseline\labels\train\train_00001_DJI_20230809145613_0013_V.txt,2,4000,3000,22b2eee80e27ce4db83b080ccda5a276
train,C:\Users\Ramiro\Documents\Trabajo Integrador\cowtrack\data\processed\yolo_aerial_baseline\images\train\train_00002_DJI_20230627133204_0099_V.jpg,C:\Users\Ramiro\Documents\Trabajo Integrador\cowtrack\data\processed\yolo_aerial_baseline\labels\train\train_00002_DJI_20230627133204_0099_V.txt,1,5280,3956,f798eb27f141feb80647c0c5a984a34a
train,C:\Users\Ramiro\Documents\Trabajo Integrador\cowtrack\data\processed\yolo_aerial_baseline\images\train\train_00003_DJI_20230623111053_0049_V.jpg,C:\Users\Ramiro\Documents\Trabajo Integrador\cowtrack\data\processed\yolo_aerial_baseline\labels\train\train_00003_DJI_20230623111053_0049_V.txt,0,5280,3956,41990add2077573cf17cd3ca6b433349
train,C:\Users\Ramiro\Documents\Trabajo Integrador\cowtrack\data\processed\yolo_aerial_baseline\images\train\train_00004_DJI_20230809145625_0028_V.jpg,C:\Users\Ramiro\Documents\Trabajo Integrador\cowtrack\data\processed\yolo_aerial_baseline\labels\train\train_00004_DJI_20230809145625_0028_V.txt,1,4000,3000,4b30716e4e02b2e4688fe54ae29590b1
train,C:\Users\Ramiro\Documents\Trabajo Integrador\cowtrack\data\processed\yolo_aerial_baseline\images\train\train_00005_DJI_20230926114408_0034_V.jpg,C:\Users\Ramiro\Documents\Trabajo Integrador\cowtrack\data\processed\yolo_aerial_baseline\labels\train\train_00005_DJI_20230926114408_0034_V.txt,0,5280,3956,3570db491d1f9f6b325ae8422e738668
train,C:\Users\Ramiro\Documents\Trabajo Integrador\cowtrack\data\processed\yolo_aerial_baseline\images\train\train_00006_DJI_20230926115258_0034_V.jpg,C:\Users\Ramiro\Documents\Trabajo Integrador\cowtrack\data\processed\yolo_aerial_baseline\labels\train\train_00006_DJI_20230926115258_0034_V.txt,4,5280,3956,6966fcf7ef3fdc907edcc30ccf360ff5
train,C:\Users\Ramiro\Documents\Trabajo Integrador\cowtrack\data\processed\yolo_aerial_baseline\images\train\train_00007_DJI_20230809145628_0032_V.jpg,C:\Users\Ramiro\Documents\Trabajo Integrador\cowtrack\data\processed\yolo_aerial_baseline\labels\train\train_00007_DJI_20230809145628_0032_V.txt,3,4000,3000,30dbfd2207db7630db48a1246c33c0a2
train,C:\Users\Ramiro\Documents\Trabajo Integrador\cowtrack\data\processed\yolo_aerial_baseline\images\train\train_00008_DJI_20230623111014_0041_V.jpg,C:\Users\Ramiro\Documents\Trabajo Integrador\cowtrack\data\processed\yolo_aerial_baseline\labels\train\train_00008_DJI_20230623111014_0041_V.txt,8,5280,3956,8c8e4898c78527bbeea850850ae46eac
train,C:\Users\Ramiro\Documents\Trabajo Integrador\cowtrack\data\processed\yolo_aerial_baseline\images\train\train_00009_DJI_20230926115151_0022_V.jpg,C:\Users\Ramiro\Documents\Trabajo Integrador\cowtrack\data\processed\yolo_aerial_baseline\labels\train\train_00009_DJI_20230926115151_0022_V.txt,35,5280,3956,579e6624c10bbc0fee6f67aa605a6f42
train,C:\Users\Ramiro\Documents\Trabajo Integrador\cowtrack\data\processed\yolo_aerial_baseline\images\train\train_00010_DJI_20230623110919_0030_V.jpg,C:\Users\Ramiro\Documents\Trabajo Integrador\cowtrack\data\processed\yolo_aerial_baseline\labels\train\train_00010_DJI_20230623110919_0030_V.txt,0,5280,3956,34a9353525418f425ef4f6cf6a3dc1d5
train,C:\Users\Ramiro\Documents\Trabajo Integrador\cowtrack\data\processed\yolo_aerial_baseline\images\train\train_00011_DJI_20230627133237_0107_V.jpg,C:\Users\Ramiro\Documents\Trabajo Integrador\cowtrack\data\processed\yolo_aerial_baseline\labels\train\train_00011_DJI_20230627133237_0107_V.txt,8,5280,3956,9abd9c79511aba45e6837acef6e7c524
train,C:\Users\Ramiro\Documents\Trabajo Integrador\cowtrack\data\processed\yolo_aerial_baseline\images\train\train_00012_DJI_20230809151116_0002_V.jpg,C:\Users\Ramiro\Documents\Trabajo Integrador\cowtrack\data\processed\yolo_aerial_baseline\labels\train\train_00012_DJI_20230809151116_0002_V.txt,2,4000,3000,dc96633bd9554b3fd6da3fb024582d71
train,C:\Users\Ramiro\Documents\Trabajo Integrador\cowtrack\data\processed\yolo_aerial_baseline\images\train\train_00013_DJI_20230623110944_0035_V.jpg,C:\Users\Ramiro\Documents\Trabajo Integrador\cowtrack\data\processed\yolo_aerial_baseline\labels\train\train_00013_DJI_20230623110944_0035_V.txt,0,5280,3956,0103a3b136ad863a762fcdde9c57e857
train,C:\Users\Ramiro\Documents\Trabajo Integrador\cowtrack\data\processed\yolo_aerial_baseline\images\train\train_00014_DJI_20230926135434_0009_V.jpg,C:\Users\Ramiro\Documents\Trabajo Integrador\cowtrack\data\processed\yolo_aerial_baseline\labels\train\train_00014_DJI_20230926135434_0009_V.txt,0,5280,3956,fc71db11418aaf11799c7ae1fb3fa464
train,C:\Users\Ramiro\Documents\Trabajo Integrador\cowtrack\data\processed\yolo_aerial_baseline\images\train\train_00015_DJI_20230926115338_0042_V.jpg,C:\Users\Ramiro\Documents\Trabajo Integrador\cowtrack\data\processed\yolo_aerial_baseline\labels\train\train_00015_DJI_20230926115338_0042_V.txt,15,5280,3956,eee4e5b6b2ae06f16390653843d9722e
train,C:\Users\Ramiro\Documents\Trabajo Integrador\cowtrack\data\processed\yolo_aerial_baseline\images\train\train_00016_DJI_20230926114453_0043_V.jpg,C:\Users\Ramiro\Documents\Trabajo Integrador\cowtrack\data\processed\yolo_aerial_baseline\labels\train\train_00016_DJI_20230926114453_0043_V.txt,20,5280,3956,7a19b6974e2b3cf4e535df3a62dffb53
train,C:\Users\Ramiro\Documents\Trabajo Integrador\cowtrack\data\processed\yolo_aerial_baseline\images\train\train_00017_DJI_20230926114320_0026_V.jpg,C:\Users\Ramiro\Documents\Trabajo Integrador\cowtrack\data\processed\yolo_aerial_baseline\labels\train\train_00017_DJI_20230926114320_0026_V.txt,1,5280,3956,3899b22ec02e664b3637eaf62351a578
train,C:\Users\Ramiro\Documents\Trabajo Integrador\cowtrack\data\processed\yolo_aerial_baseline\images\train\train_00018_DJI_20230926134712_0014_V.jpg,C:\Users\Ramiro\Documents\Trabajo Integrador\cowtrack\data\processed\yolo_aerial_baseline\labels\train\train_00018_DJI_20230926134712_0014_V.txt,24,5280,3956,005b31c14eddc5bb992ef2ed0d2eba0d
train,C:\Users\Ramiro\Documents\Trabajo Integrador\cowtrack\data\processed\yolo_aerial_baseline\images\train\train_00019_DJI_20230627132819_0026_V.jpg,C:\Users\Ramiro\Documents\Trabajo Integrador\cowtrack\data\processed\yolo_aerial_baseline\labels\train\train_00019_DJI_20230627132819_0026_V.txt,1,5280,3956,826903e7e21eb1739a8c11ad8475f6be
train,C:\Users\Ramiro\Documents\Trabajo Integrador\cowtrack\data\processed\yolo_aerial_baseline\images\train\train_00020_DJI_20230926135746_0045_V.jpg,C:\Users\Ramiro\Documents\Trabajo Integrador\cowtrack\data\processed\yolo_aerial_baseline\labels\train\train_00020_DJI_20230926135746_0045_V.txt,0,5280,3956,64a95f21b2818eb990d9d06a108f75f3
train,C:\Users\Ramiro\Documents\Trabajo Integrador\cowtrack\data\processed\yolo_aerial_baseline\images\train\train_00021_DJI_20230627132854_0038_V.jpg,C:\Users\Ramiro\Documents\Trabajo Integrador\cowtrack\data\processed\yolo_aerial_baseline\labels\train\train_00021_DJI_20230627132854_0038_V.txt,0,5280,3956,328ce3dfece507f9d5c0fcdb4a5e4f58
train,C:\Users\Ramiro\Documents\Trabajo Integrador\cowtrack\data\processed\yolo_aerial_baseline\images\train\train_00022_DJI_20230623110720_0006_V.jpg,C:\Users\Ramiro\Documents\Trabajo Integrador\cowtrack\data\processed\yolo_aerial_baseline\labels\train\train_00022_DJI_20230623110720_0006_V.txt,6,5280,3956,623781b41718cd8c741a4a6f38f2f1ce
train,C:\Users\Ramiro\Documents\Trabajo Integrador\cowtrack\data\processed\yolo_aerial_baseline\images\train\train_00023_DJI_20230627133118_0085_V.jpg,C:\Users\Ramiro\Documents\Trabajo Integrador\cowtrack\data\processed\yolo_aerial_baseline\labels\train\train_00023_DJI_20230627133118_0085_V.txt,0,5280,3956,605e77ec191999b9ed298d1d9cba6f7b
train,C:\Users\Ramiro\Documents\Trabajo Integrador\cowtrack\data\processed\yolo_aerial_baseline\images\train\train_00024_DJI_20230809145628_0031_V.jpg,C:\Users\Ramiro\Documents\Trabajo Integrador\cowtrack\data\processed\yolo_aerial_baseline\labels\train\train_00024_DJI_20230809145628_0031_V.txt,2,4000,3000,b7e7a0997a9534f5fc79638d8067e407
train,C:\Users\Ramiro\Documents\Trabajo Integrador\cowtrack\data\processed\yolo_aerial_baseline\images\train\train_00025_DJI_20230627132934_0050_V.jpg,C:\Users\Ramiro\Documents\Trabajo Integrador\cowtrack\data\processed\yolo_aerial_baseline\labels\train\train_00025_DJI_20230627132934_0050_V.txt,0,5280,3956,932e0489ee6a40650cf6a234e54d0938
train,C:\Users\Ramiro\Documents\Trabajo Integrador\cowtrack\data\processed\yolo_aerial_baseline\images\train\train_00026_DJI_20230605184613_0033_V.jpg,C:\Users\Ramiro\Documents\Trabajo Integrador\cowtrack\data\processed\yolo_aerial_baseline\labels\train\train_00026_DJI_20230605184613_0033_V.txt,53,4000,3000,cc0e3beaa871227d5d2551d0ad89a33b
train,C:\Users\Ramiro\Documents\Trabajo Integrador\cowtrack\data\processed\yolo_aerial_baseline\images\train\train_00027_DJI_20230926114315_0025_V.jpg,C:\Users\Ramiro\Documents\Trabajo Integrador\cowtrack\data\processed\yolo_aerial_baseline\labels\train\train_00027_DJI_20230926114315_0025_V.txt,1,5280,3956,ef96711838c8baf82367fab214271af8
train,C:\Users\Ramiro\Documents\Trabajo Integrador\cowtrack\data\processed\yolo_aerial_baseline\images\train\train_00028_DJI_20230726084512_0024_V.jpg,C:\Users\Ramiro\Documents\Trabajo Integrador\cowtrack\data\processed\yolo_aerial_baseline\labels\train\train_00028_DJI_20230726084512_0024_V.txt,9,5280,3956,f007f67da146a70b2445f41c46b09a34
train,C:\Users\Ramiro\Documents\Trabajo Integrador\cowtrack\data\processed\yolo_aerial_baseline\images\train\train_00029_DJI_20230623110730_0008_V.jpg,C:\Users\Ramiro\Documents\Trabajo Integrador\cowtrack\data\processed\yolo_aerial_baseline\labels\train\train_00029_DJI_20230623110730_0008_V.txt,1,5280,3956,23d6cadb9697b8016f9b53d7ff9afb92
train,C:\Users\Ramiro\Documents\Trabajo Integrador\cowtrack\data\processed\yolo_aerial_baseline\images\train\train_00030_DJI_20230605184616_0035_V.jpg,C:\Users\Ramiro\Documents\Trabajo Integrador\cowtrack\data\processed\yolo_aerial_baseline\labels\train\train_00030_DJI_20230605184616_0035_V.txt,32,4000,3000,9fc4aa40fa0be46d61f8370f3fdb99bd
train,C:\Users\Ramiro\Documents\Trabajo Integrador\cowtrack\data\processed\yolo_aerial_baseline\images\train\train_00031_DJI_20230926134756_0023_V.jpg,C:\Users\Ramiro\Documents\Trabajo Integrador\cowtrack\data\processed\yolo_aerial_baseline\labels\train\train_00031_DJI_20230926134756_0023_V.txt,33,5280,3956,01e6ee4597f98ec90545de91a9cb53f9
train,C:\Users\Ramiro\Documents\Trabajo Integrador\cowtrack\data\processed\yolo_aerial_baseline\images\train\train_00032_DJI_20230926115111_0014_V.jpg,C:\Users\Ramiro\Documents\Trabajo Integrador\cowtrack\data\processed\yolo_aerial_baseline\labels\train\train_00032_DJI_20230926115111_0014_V.txt,10,5280,3956,4540aa7988b392809b72ae7a3b92bc69
train,C:\Users\Ramiro\Documents\Trabajo Integrador\cowtrack\data\processed\yolo_aerial_baseline\images\train\train_00033_DJI_20230726084348_0007_V.jpg,C:\Users\Ramiro\Documents\Trabajo Integrador\cowtrack\data\processed\yolo_aerial_baseline\labels\train\train_00033_DJI_20230726084348_0007_V.txt,12,5280,3956,8d5977d0aeea77182891cebc93beb3af
train,C:\Users\Ramiro\Documents\Trabajo Integrador\cowtrack\data\processed\yolo_aerial_baseline\images\train\train_00034_DJI_20230809145626_0029_V.jpg,C:\Users\Ramiro\Documents\Trabajo Integrador\cowtrack\data\processed\yolo_aerial_baseline\labels\train\train_00034_DJI_20230809145626_0029_V.txt,1,4000,3000,560450b4b113a808ef83fa02e80018db
train,C:\Users\Ramiro\Documents\Trabajo Integrador\cowtrack\data\processed\yolo_aerial_baseline\images\train\train_00035_DJI_20230607180616_0004_V.jpg,C:\Users\Ramiro\Documents\Trabajo Integrador\cowtrack\data\processed\yolo_aerial_baseline\labels\train\train_00035_DJI_20230607180616_0004_V.txt,0,4000,3000,cd9b80989772d8726ce185a12d426339
train,C:\Users\Ramiro\Documents\Trabajo Integrador\cowtrack\data\processed\yolo_aerial_baseline\images\train\train_00036_DJI_20230926115141_0020_V.jpg,C:\Users\Ramiro\Documents\Trabajo Integrador\cowtrack\data\processed\yolo_aerial_baseline\labels\train\train_00036_DJI_20230926115141_0020_V.txt,7,5280,3956,5c8e7f29ba47e91476d6aa954b82b195
train,C:\Users\Ramiro\Documents\Trabajo Integrador\cowtrack\data\processed\yolo_aerial_baseline\images\train\train_00037_DJI_20230926114513_0047_V.jpg,C:\Users\Ramiro\Documents\Trabajo Integrador\cowtrack\data\processed\yolo_aerial_baseline\labels\train\train_00037_DJI_20230926114513_0047_V.txt,0,5280,3956,81b109bec8626fa8428d18e7d8a6243d
train,C:\Users\Ramiro\Documents\Trabajo Integrador\cowtrack\data\processed\yolo_aerial_baseline\images\train\train_00038_DJI_20230627133258_0114_V.jpg,C:\Users\Ramiro\Documents\Trabajo Integrador\cowtrack\data\processed\yolo_aerial_baseline\labels\train\train_00038_DJI_20230627133258_0114_V.txt,0,5280,3956,0ae6f9108026ad0e448f7c4a4a1e33cf
train,C:\Users\Ramiro\Documents\Trabajo Integrador\cowtrack\data\processed\yolo_aerial_baseline\images\train\train_00039_DJI_20230926134811_0026_V.jpg,C:\Users\Ramiro\Documents\Trabajo Integrador\cowtrack\data\processed\yolo_aerial_baseline\labels\train\train_00039_DJI_20230926134811_0026_V.txt,0,5280,3956,af1e883f2aac3b17197f8fd09b18e006
train,C:\Users\Ramiro\Documents\Trabajo Integrador\cowtrack\data\processed\yolo_aerial_baseline\images\train\train_00040_DJI_20230623110924_0031_V.jpg,C:\Users\Ramiro\Documents\Trabajo Integrador\cowtrack\data\processed\yolo_aerial_baseline\labels\train\train_00040_DJI_20230623110924_0031_V.txt,4,5280,3956,80cda9d8f3ddc3c5b06a6b815f1ec0e2
train,C:\Users\Ramiro\Documents\Trabajo Integrador\cowtrack\data\processed\yolo_aerial_baseline\images\train\train_00041_DJI_20230726084602_0034_V.jpg,C:\Users\Ramiro\Documents\Trabajo Integrador\cowtrack\data\processed\yolo_aerial_baseline\labels\train\train_00041_DJI_20230726084602_0034_V.txt,0,5280,3956,9ce58b0a7304906ec7df935c2f6521ff
train,C:\Users\Ramiro\Documents\Trabajo Integrador\cowtrack\data\processed\yolo_aerial_baseline\images\train\train_00042_DJI_20230605184618_0036_V.jpg,C:\Users\Ramiro\Documents\Trabajo Integrador\cowtrack\data\processed\yolo_aerial_baseline\labels\train\train_00042_DJI_20230605184618_0036_V.txt,7,4000,3000,1ddbfb9676ba56eba8ebf7cfcdb3d8a9
train,C:\Users\Ramiro\Documents\Trabajo Integrador\cowtrack\data\processed\yolo_aerial_baseline\images\train\train_00043_DJI_20230926134727_0017_V.jpg,C:\Users\Ramiro\Documents\Trabajo Integrador\cowtrack\data\processed\yolo_aerial_baseline\labels\train\train_00043_DJI_20230926134727_0017_V.txt,8,5280,3956,e3ea7b625c8fef36804ec65518a41c7c
train,C:\Users\Ramiro\Documents\Trabajo Integrador\cowtrack\data\processed\yolo_aerial_baseline\images\train\train_00044_DJI_20230926115121_0016_V.jpg,C:\Users\Ramiro\Documents\Trabajo Integrador\cowtrack\data\processed\yolo_aerial_baseline\labels\train\train_00044_DJI_20230926115121_0016_V.txt,16,5280,3956,f9db16d6b33b877a1a1a8c0b9e009bbb
train,C:\Users\Ramiro\Documents\Trabajo Integrador\cowtrack\data\processed\yolo_aerial_baseline\images\train\train_00045_DJI_20230627133357_0134_V.jpg,C:\Users\Ramiro\Documents\Trabajo Integrador\cowtrack\data\processed\yolo_aerial_baseline\labels\train\train_00045_DJI_20230627133357_0134_V.txt,0,5280,3956,4ecc952ed16b7b247f6cbe1ca51c6118
train,C:\Users\Ramiro\Documents\Trabajo Integrador\cowtrack\data\processed\yolo_aerial_baseline\images\train\train_00046_DJI_20230809145623_0025_V.jpg,C:\Users\Ramiro\Documents\Trabajo Integrador\cowtrack\data\processed\yolo_aerial_baseline\labels\train\train_00046_DJI_20230809145623_0025_V.txt,10,4000,3000,28bf0b2194918f2f641f9c7a7192272e
train,C:\Users\Ramiro\Documents\Trabajo Integrador\cowtrack\data\processed\yolo_aerial_baseline\images\train\train_00047_DJI_20230726084626_0039_V.jpg,C:\Users\Ramiro\Documents\Trabajo Integrador\cowtrack\data\processed\yolo_aerial_baseline\labels\train\train_00047_DJI_20230726084626_0039_V.txt,1,5280,3956,86575d42521210ecf62a4a38b11bc3ed
train,C:\Users\Ramiro\Documents\Trabajo Integrador\cowtrack\data\processed\yolo_aerial_baseline\images\train\train_00048_DJI_20230726084457_0021_V.jpg,C:\Users\Ramiro\Documents\Trabajo Integrador\cowtrack\data\processed\yolo_aerial_baseline\labels\train\train_00048_DJI_20230726084457_0021_V.txt,9,5280,3956,ae0a148969c719ee2ee1f8179e35e7ad
train,C:\Users\Ramiro\Documents\Trabajo Integrador\cowtrack\data\processed\yolo_aerial_baseline\images\train\train_00049_DJI_20230926135716_0039_V.jpg,C:\Users\Ramiro\Documents\Trabajo Integrador\cowtrack\data\processed\yolo_aerial_baseline\labels\train\train_00049_DJI_20230926135716_0039_V.txt,0,5280,3956,426bf2c9a4b420e57133a9387b33ae08
train,C:\Users\Ramiro\Documents\Trabajo Integrador\cowtrack\data\processed\yolo_aerial_baseline\images\train\train_00050_DJI_20230605184544_0012_V.jpg,C:\Users\Ramiro\Documents\Trabajo Integrador\cowtrack\data\processed\yolo_aerial_baseline\labels\train\train_00050_DJI_20230605184544_0012_V.txt,20,4000,3000,4824cf6efe8d70d0e1747c5d9671e453
train,C:\Users\Ramiro\Documents\Trabajo Integrador\cowtrack\data\processed\yolo_aerial_baseline\images\train\train_00051_DJI_20230607180656_0012_V.jpg,C:\Users\Ramiro\Documents\Trabajo Integrador\cowtrack\data\processed\yolo_aerial_baseline\labels\train\train_00051_DJI_20230607180656_0012_V.txt,37,4000,3000,1ce3ff05028853f2fdd6eb3ef672733a
train,C:\Users\Ramiro\Documents\Trabajo Integrador\cowtrack\data\processed\yolo_aerial_baseline\images\train\train_00052_DJI_20230627133115_0084_V.jpg,C:\Users\Ramiro\Documents\Trabajo Integrador\cowtrack\data\processed\yolo_aerial_baseline\labels\train\train_00052_DJI_20230627133115_0084_V.txt,1,5280,3956,4632b8214cd5a0626ed2ed8b5b5d3b53
train,C:\Users\Ramiro\Documents\Trabajo Integrador\cowtrack\data\processed\yolo_aerial_baseline\images\train\train_00053_DJI_20230809151120_0005_V.jpg,C:\Users\Ramiro\Documents\Trabajo Integrador\cowtrack\data\processed\yolo_aerial_baseline\labels\train\train_00053_DJI_20230809151120_0005_V.txt,7,4000,3000,61da41f70e3456ffe63f9b8c1091d7bc
train,C:\Users\Ramiro\Documents\Trabajo Integrador\cowtrack\data\processed\yolo_aerial_baseline\images\train\train_00054_DJI_20230926135544_0022_V.jpg,C:\Users\Ramiro\Documents\Trabajo Integrador\cowtrack\data\processed\yolo_aerial_baseline\labels\train\train_00054_DJI_20230926135544_0022_V.txt,17,5280,3956,106bcb68d046cc84c543a34afe8d4a2d
train,C:\Users\Ramiro\Documents\Trabajo Integrador\cowtrack\data\processed\yolo_aerial_baseline\images\train\train_00055_DJI_20230605182806_0010_V.jpg,C:\Users\Ramiro\Documents\Trabajo Integrador\cowtrack\data\processed\yolo_aerial_baseline\labels\train\train_00055_DJI_20230605182806_0010_V.txt,52,4000,3000,1e5dd8a306bf1c9494f56c2fbab9847f
train,C:\Users\Ramiro\Documents\Trabajo Integrador\cowtrack\data\processed\yolo_aerial_baseline\images\train\train_00056_DJI_20230926134602_0001_V.jpg,C:\Users\Ramiro\Documents\Trabajo Integrador\cowtrack\data\processed\yolo_aerial_baseline\labels\train\train_00056_DJI_20230926134602_0001_V.txt,0,5280,3956,f82cd1f67d1210d3033347b9524d0593
train,C:\Users\Ramiro\Documents\Trabajo Integrador\cowtrack\data\processed\yolo_aerial_baseline\images\train\train_00057_DJI_20230809145608_0008_V.jpg,C:\Users\Ramiro\Documents\Trabajo Integrador\cowtrack\data\processed\yolo_aerial_baseline\labels\train\train_00057_DJI_20230809145608_0008_V.txt,3,4000,3000,f77c85087cfb3fb5c1c001dce7c512ff
train,C:\Users\Ramiro\Documents\Trabajo Integrador\cowtrack\data\processed\yolo_aerial_baseline\images\train\train_00058_DJI_20230726084432_0016_V.jpg,C:\Users\Ramiro\Documents\Trabajo Integrador\cowtrack\data\processed\yolo_aerial_baseline\labels\train\train_00058_DJI_20230726084432_0016_V.txt,0,5280,3956,bd0baf6e52d0b4b71c30c0e08938d0fc
train,C:\Users\Ramiro\Documents\Trabajo Integrador\cowtrack\data\processed\yolo_aerial_baseline\images\train\train_00059_DJI_20230926134617_0004_V.jpg,C:\Users\Ramiro\Documents\Trabajo Integrador\cowtrack\data\processed\yolo_aerial_baseline\labels\train\train_00059_DJI_20230926134617_0004_V.txt,0,5280,3956,86c2704a23dbc23fc6e5c8563ec1802b
train,C:\Users\Ramiro\Documents\Trabajo Integrador\cowtrack\data\processed\yolo_aerial_baseline\images\train\train_00060_DJI_20230605184538_0008_V.jpg,C:\Users\Ramiro\Documents\Trabajo Integrador\cowtrack\data\processed\yolo_aerial_baseline\labels\train\train_00060_DJI_20230605184538_0008_V.txt,30,4000,3000,17188d94e5a786f4e86d5527b862f62e
train,C:\Users\Ramiro\Documents\Trabajo Integrador\cowtrack\data\processed\yolo_aerial_baseline\images\train\train_00061_DJI_20230605184619_0037_V.jpg,C:\Users\Ramiro\Documents\Trabajo Integrador\cowtrack\data\processed\yolo_aerial_baseline\labels\train\train_00061_DJI_20230605184619_0037_V.txt,0,4000,3000,20cd89ec2e1fbffdd5292dfade0d5b2c
train,C:\Users\Ramiro\Documents\Trabajo Integrador\cowtrack\data\processed\yolo_aerial_baseline\images\train\train_00062_DJI_20230605184557_0021_V.jpg,C:\Users\Ramiro\Documents\Trabajo Integrador\cowtrack\data\processed\yolo_aerial_baseline\labels\train\train_00062_DJI_20230605184557_0021_V.txt,0,4000,3000,bd2991a1282755f31d939e3e8ad2286e
train,C:\Users\Ramiro\Documents\Trabajo Integrador\cowtrack\data\processed\yolo_aerial_baseline\images\train\train_00063_DJI_20230809151124_0008_V.jpg,C:\Users\Ramiro\Documents\Trabajo Integrador\cowtrack\data\processed\yolo_aerial_baseline\labels\train\train_00063_DJI_20230809151124_0008_V.txt,13,4000,3000,b692d5ea4bd1cba7da56a3c034a29506
train,C:\Users\Ramiro\Documents\Trabajo Integrador\cowtrack\data\processed\yolo_aerial_baseline\images\train\train_00064_DJI_20230926135835_0054_V.jpg,C:\Users\Ramiro\Documents\Trabajo Integrador\cowtrack\data\processed\yolo_aerial_baseline\labels\train\train_00064_DJI_20230926135835_0054_V.txt,0,5280,3956,e099e30daea34333f0acfe19084a74ab
train,C:\Users\Ramiro\Documents\Trabajo Integrador\cowtrack\data\processed\yolo_aerial_baseline\images\train\train_00065_DJI_20230605184621_0038_V.jpg,C:\Users\Ramiro\Documents\Trabajo Integrador\cowtrack\data\processed\yolo_aerial_baseline\labels\train\train_00065_DJI_20230605184621_0038_V.txt,0,4000,3000,bdf198547f0e8cdae42ff5f7f64ac78d
train,C:\Users\Ramiro\Documents\Trabajo Integrador\cowtrack\data\processed\yolo_aerial_baseline\images\train\train_00066_DJI_20230926114231_0016_V.jpg,C:\Users\Ramiro\Documents\Trabajo Integrador\cowtrack\data\processed\yolo_aerial_baseline\labels\train\train_00066_DJI_20230926114231_0016_V.txt,17,5280,3956,1ee0cce8db76251eb1d37da7a198552f
train,C:\Users\Ramiro\Documents\Trabajo Integrador\cowtrack\data\processed\yolo_aerial_baseline\images\train\train_00067_DJI_20230809145632_0036_V.jpg,C:\Users\Ramiro\Documents\Trabajo Integrador\cowtrack\data\processed\yolo_aerial_baseline\labels\train\train_00067_DJI_20230809145632_0036_V.txt,3,4000,3000,67b1c1951eb879655bb53418da6ff4c1
train,C:\Users\Ramiro\Documents\Trabajo Integrador\cowtrack\data\processed\yolo_aerial_baseline\images\train\train_00068_DJI_20230623110755_0013_V.jpg,C:\Users\Ramiro\Documents\Trabajo Integrador\cowtrack\data\processed\yolo_aerial_baseline\labels\train\train_00068_DJI_20230623110755_0013_V.txt,7,5280,3956,6d2064a47ee136af97b8b810cbb01d7b
train,C:\Users\Ramiro\Documents\Trabajo Integrador\cowtrack\data\processed\yolo_aerial_baseline\images\train\train_00069_DJI_20230623110815_0017_V.jpg,C:\Users\Ramiro\Documents\Trabajo Integrador\cowtrack\data\processed\yolo_aerial_baseline\labels\train\train_00069_DJI_20230623110815_0017_V.txt,0,5280,3956,c7ca8bb3d4cebf5fc228d8ceedb2fd50
train,C:\Users\Ramiro\Documents\Trabajo Integrador\cowtrack\data\processed\yolo_aerial_baseline\images\train\train_00070_DJI_20230809145616_0017_V.jpg,C:\Users\Ramiro\Documents\Trabajo Integrador\cowtrack\data\processed\yolo_aerial_baseline\labels\train\train_00070_DJI_20230809145616_0017_V.txt,3,4000,3000,f0116e7bfe7df7543c68a7dd9a3f5298
train,C:\Users\Ramiro\Documents\Trabajo Integrador\cowtrack\data\processed\yolo_aerial_baseline\images\train\train_00071_DJI_20230809151212_0042_V.jpg,C:\Users\Ramiro\Documents\Trabajo Integrador\cowtrack\data\processed\yolo_aerial_baseline\labels\train\train_00071_DJI_20230809151212_0042_V.txt,4,4000,3000,45502f4ebc6668dba080f090d3aa828c
train,C:\Users\Ramiro\Documents\Trabajo Integrador\cowtrack\data\processed\yolo_aerial_baseline\images\train\train_00072_DJI_20230623110735_0009_V.jpg,C:\Users\Ramiro\Documents\Trabajo Integrador\cowtrack\data\processed\yolo_aerial_baseline\labels\train\train_00072_DJI_20230623110735_0009_V.txt,5,5280,3956,91373b74e510ccfc7fac10b03ec3ed13
train,C:\Users\Ramiro\Documents\Trabajo Integrador\cowtrack\data\processed\yolo_aerial_baseline\images\train\train_00073_DJI_20230926115358_0046_V.jpg,C:\Users\Ramiro\Documents\Trabajo Integrador\cowtrack\data\processed\yolo_aerial_baseline\labels\train\train_00073_DJI_20230926115358_0046_V.txt,0,5280,3956,303f66d1e5826eec87a66662c1362d11
train,C:\Users\Ramiro\Documents\Trabajo Integrador\cowtrack\data\processed\yolo_aerial_baseline\images\train\train_00074_DJI_20230627133240_0108_V.jpg,C:\Users\Ramiro\Documents\Trabajo Integrador\cowtrack\data\processed\yolo_aerial_baseline\labels\train\train_00074_DJI_20230627133240_0108_V.txt,6,5280,3956,5ec5ef04c7942d8bbbc67a82ec9729b5
train,C:\Users\Ramiro\Documents\Trabajo Integrador\cowtrack\data\processed\yolo_aerial_baseline\images\train\train_00075_DJI_20230605184537_0007_V.jpg,C:\Users\Ramiro\Documents\Trabajo Integrador\cowtrack\data\processed\yolo_aerial_baseline\labels\train\train_00075_DJI_20230605184537_0007_V.txt,19,4000,3000,0c3cbb2ea4b8a31b81da40ec94b3abdf
train,C:\Users\Ramiro\Documents\Trabajo Integrador\cowtrack\data\processed\yolo_aerial_baseline\images\train\train_00076_DJI_20230809145618_0020_V.jpg,C:\Users\Ramiro\Documents\Trabajo Integrador\cowtrack\data\processed\yolo_aerial_baseline\labels\train\train_00076_DJI_20230809145618_0020_V.txt,11,4000,3000,9ea99cc9506f0d394690111510689a41
train,C:\Users\Ramiro\Documents\Trabajo Integrador\cowtrack\data\processed\yolo_aerial_baseline\images\train\train_00077_DJI_20230726084417_0013_V.jpg,C:\Users\Ramiro\Documents\Trabajo Integrador\cowtrack\data\processed\yolo_aerial_baseline\labels\train\train_00077_DJI_20230726084417_0013_V.txt,9,5280,3956,248f8170c0519273b470b6b2be91e31b
train,C:\Users\Ramiro\Documents\Trabajo Integrador\cowtrack\data\processed\yolo_aerial_baseline\images\train\train_00078_DJI_20230809151115_0001_V.jpg,C:\Users\Ramiro\Documents\Trabajo Integrador\cowtrack\data\processed\yolo_aerial_baseline\labels\train\train_00078_DJI_20230809151115_0001_V.txt,2,4000,3000,466972e0e4e9bc608b88e02cb3cb96cb
train,C:\Users\Ramiro\Documents\Trabajo Integrador\cowtrack\data\processed\yolo_aerial_baseline\images\train\train_00079_DJI_20230926134722_0016_V.jpg,C:\Users\Ramiro\Documents\Trabajo Integrador\cowtrack\data\processed\yolo_aerial_baseline\labels\train\train_00079_DJI_20230926134722_0016_V.txt,22,5280,3956,f4919e9aff7bcf0e8dda8923ea70fffb
train,C:\Users\Ramiro\Documents\Trabajo Integrador\cowtrack\data\processed\yolo_aerial_baseline\images\train\train_00080_DJI_20230809151204_0036_V.jpg,C:\Users\Ramiro\Documents\Trabajo Integrador\cowtrack\data\processed\yolo_aerial_baseline\labels\train\train_00080_DJI_20230809151204_0036_V.txt,0,4000,3000,7a30acf779b09dcc5ae389fcd95eb3fc
train,C:\Users\Ramiro\Documents\Trabajo Integrador\cowtrack\data\processed\yolo_aerial_baseline\images\train\train_00081_DJI_20230809145621_0023_V.jpg,C:\Users\Ramiro\Documents\Trabajo Integrador\cowtrack\data\processed\yolo_aerial_baseline\labels\train\train_00081_DJI_20230809145621_0023_V.txt,13,4000,3000,8b1c30dae18441610dfafe586f772f8e
train,C:\Users\Ramiro\Documents\Trabajo Integrador\cowtrack\data\processed\yolo_aerial_baseline\images\train\train_00082_DJI_20230926115011_0003_V.jpg,C:\Users\Ramiro\Documents\Trabajo Integrador\cowtrack\data\processed\yolo_aerial_baseline\labels\train\train_00082_DJI_20230926115011_0003_V.txt,1,5280,3956,5a7bb09f2afba3e6d26210558355412c
train,C:\Users\Ramiro\Documents\Trabajo Integrador\cowtrack\data\processed\yolo_aerial_baseline\images\train\train_00083_DJI_20230627132857_0039_V.jpg,C:\Users\Ramiro\Documents\Trabajo Integrador\cowtrack\data\processed\yolo_aerial_baseline\labels\train\train_00083_DJI_20230627132857_0039_V.txt,6,5280,3956,c367206a3c6b1274b148bbe82c325fbd
train,C:\Users\Ramiro\Documents\Trabajo Integrador\cowtrack\data\processed\yolo_aerial_baseline\images\train\train_00084_DJI_20230605182731_0003_V.jpg,C:\Users\Ramiro\Documents\Trabajo Integrador\cowtrack\data\processed\yolo_aerial_baseline\labels\train\train_00084_DJI_20230605182731_0003_V.txt,0,4000,3000,6f7b89309de24f82e7807850e186349b
train,C:\Users\Ramiro\Documents\Trabajo Integrador\cowtrack\data\processed\yolo_aerial_baseline\images\train\train_00085_DJI_20230926135800_0048_V.jpg,C:\Users\Ramiro\Documents\Trabajo Integrador\cowtrack\data\processed\yolo_aerial_baseline\labels\train\train_00085_DJI_20230926135800_0048_V.txt,0,5280,3956,a0a4cf9832b1af2954559d88d9f30a2d
train,C:\Users\Ramiro\Documents\Trabajo Integrador\cowtrack\data\processed\yolo_aerial_baseline\images\train\train_00086_DJI_20230627132741_0016_V.jpg,C:\Users\Ramiro\Documents\Trabajo Integrador\cowtrack\data\processed\yolo_aerial_baseline\labels\train\train_00086_DJI_20230627132741_0016_V.txt,3,5280,3956,0c8c75ff0b9d3187808d8893a306e078
train,C:\Users\Ramiro\Documents\Trabajo Integrador\cowtrack\data\processed\yolo_aerial_baseline\images\train\train_00087_DJI_20230926115116_0015_V.jpg,C:\Users\Ramiro\Documents\Trabajo Integrador\cowtrack\data\processed\yolo_aerial_baseline\labels\train\train_00087_DJI_20230926115116_0015_V.txt,9,5280,3956,28a5be2ad3da4bef499021334a7bde5c
train,C:\Users\Ramiro\Documents\Trabajo Integrador\cowtrack\data\processed\yolo_aerial_baseline\images\train\train_00088_DJI_20230926134806_0025_V.jpg,C:\Users\Ramiro\Documents\Trabajo Integrador\cowtrack\data\processed\yolo_aerial_baseline\labels\train\train_00088_DJI_20230926134806_0025_V.txt,1,5280,3956,12e9a589ab8c2f74781caf6fb4a25240
train,C:\Users\Ramiro\Documents\Trabajo Integrador\cowtrack\data\processed\yolo_aerial_baseline\images\train\train_00089_DJI_20230809151133_0014_V.jpg,C:\Users\Ramiro\Documents\Trabajo Integrador\cowtrack\data\processed\yolo_aerial_baseline\labels\train\train_00089_DJI_20230809151133_0014_V.txt,0,4000,3000,bba516039a8796b0118b30b47d5597bd
train,C:\Users\Ramiro\Documents\Trabajo Integrador\cowtrack\data\processed\yolo_aerial_baseline\images\train\train_00090_DJI_20230926114353_0031_V.jpg,C:\Users\Ramiro\Documents\Trabajo Integrador\cowtrack\data\processed\yolo_aerial_baseline\labels\train\train_00090_DJI_20230926114353_0031_V.txt,13,5280,3956,2f4c4c6d2c66ff2e6a724962d0b1f07d
train,C:\Users\Ramiro\Documents\Trabajo Integrador\cowtrack\data\processed\yolo_aerial_baseline\images\train\train_00091_DJI_20230627132943_0053_V.jpg,C:\Users\Ramiro\Documents\Trabajo Integrador\cowtrack\data\processed\yolo_aerial_baseline\labels\train\train_00091_DJI_20230627132943_0053_V.txt,0,5280,3956,cf86de470f5b673f6f8f54ff57537ef0
train,C:\Users\Ramiro\Documents\Trabajo Integrador\cowtrack\data\processed\yolo_aerial_baseline\images\train\train_00092_DJI_20230926135014_0049_V.jpg,C:\Users\Ramiro\Documents\Trabajo Integrador\cowtrack\data\processed\yolo_aerial_baseline\labels\train\train_00092_DJI_20230926135014_0049_V.txt,0,5280,3956,174415afe246d62404582893f0f1aafe
train,C:\Users\Ramiro\Documents\Trabajo Integrador\cowtrack\data\processed\yolo_aerial_baseline\images\train\train_00093_DJI_20230726084422_0014_V.jpg,C:\Users\Ramiro\Documents\Trabajo Integrador\cowtrack\data\processed\yolo_aerial_baseline\labels\train\train_00093_DJI_20230726084422_0014_V.txt,8,5280,3956,674786fbe165bc27e9c2c358c66a93a0
train,C:\Users\Ramiro\Documents\Trabajo Integrador\cowtrack\data\processed\yolo_aerial_baseline\images\train\train_00094_DJI_20230926115313_0037_V.jpg,C:\Users\Ramiro\Documents\Trabajo Integrador\cowtrack\data\processed\yolo_aerial_baseline\labels\train\train_00094_DJI_20230926115313_0037_V.txt,0,5280,3956,eeb5477371e7af3e26103a6d1a2784f2
train,C:\Users\Ramiro\Documents\Trabajo Integrador\cowtrack\data\processed\yolo_aerial_baseline\images\train\train_00095_DJI_20230627132816_0025_V.jpg,C:\Users\Ramiro\Documents\Trabajo Integrador\cowtrack\data\processed\yolo_aerial_baseline\labels\train\train_00095_DJI_20230627132816_0025_V.txt,7,5280,3956,89fdf2ae770095c1a0967286077e3537
train,C:\Users\Ramiro\Documents\Trabajo Integrador\cowtrack\data\processed\yolo_aerial_baseline\images\train\train_00096_DJI_20230926134954_0045_V.jpg,C:\Users\Ramiro\Documents\Trabajo Integrador\cowtrack\data\processed\yolo_aerial_baseline\labels\train\train_00096_DJI_20230926134954_0045_V.txt,0,5280,3956,3a1ba4c08d142f14bc39278a37aee89b
train,C:\Users\Ramiro\Documents\Trabajo Integrador\cowtrack\data\processed\yolo_aerial_baseline\images\train\train_00097_DJI_20230926115201_0024_V.jpg,C:\Users\Ramiro\Documents\Trabajo Integrador\cowtrack\data\processed\yolo_aerial_baseline\labels\train\train_00097_DJI_20230926115201_0024_V.txt,2,5280,3956,395b88e11d2d92cae8211061624039b7
train,C:\Users\Ramiro\Documents\Trabajo Integrador\cowtrack\data\processed\yolo_aerial_baseline\images\train\train_00098_DJI_20230926114251_0020_V.jpg,C:\Users\Ramiro\Documents\Trabajo Integrador\cowtrack\data\processed\yolo_aerial_baseline\labels\train\train_00098_DJI_20230926114251_0020_V.txt,6,5280,3956,ed24fc9736d4cb9988c99520c82a6d10
train,C:\Users\Ramiro\Documents\Trabajo Integrador\cowtrack\data\processed\yolo_aerial_baseline\images\train\train_00099_DJI_20230605182801_0009_V.jpg,C:\Users\Ramiro\Documents\Trabajo Integrador\cowtrack\data\processed\yolo_aerial_baseline\labels\train\train_00099_DJI_20230605182801_0009_V.txt,31,4000,3000,0c5e95048efa9329babd1ce9516682f9
train,C:\Users\Ramiro\Documents\Trabajo Integrador\cowtrack\data\processed\yolo_aerial_baseline\images\train\train_00100_DJI_20230607180606_0002_V.jpg,C:\Users\Ramiro\Documents\Trabajo Integrador\cowtrack\data\processed\yolo_aerial_baseline\labels\train\train_00100_DJI_20230607180606_0002_V.txt,38,4000,3000,c7a9ad554fd1fac0492d8a303600c439
train,C:\Users\Ramiro\Documents\Trabajo Integrador\cowtrack\data\processed\yolo_aerial_baseline\images\train\train_00101_DJI_20230809151122_0006_V.jpg,C:\Users\Ramiro\Documents\Trabajo Integrador\cowtrack\data\processed\yolo_aerial_baseline\labels\train\train_00101_DJI_20230809151122_0006_V.txt,7,4000,3000,82f346bd8793c23233d2b6dca4581638
train,C:\Users\Ramiro\Documents\Trabajo Integrador\cowtrack\data\processed\yolo_aerial_baseline\images\train\train_00102_DJI_20230809145607_0007_V.jpg,C:\Users\Ramiro\Documents\Trabajo Integrador\cowtrack\data\processed\yolo_aerial_baseline\labels\train\train_00102_DJI_20230809145607_0007_V.txt,1,4000,3000,546cf568fbbca2a1ce863eaf9055a1dc
train,C:\Users\Ramiro\Documents\Trabajo Integrador\cowtrack\data\processed\yolo_aerial_baseline\images\train\train_00103_DJI_20230926114458_0044_V.jpg,C:\Users\Ramiro\Documents\Trabajo Integrador\cowtrack\data\processed\yolo_aerial_baseline\labels\train\train_00103_DJI_20230926114458_0044_V.txt,1,5280,3956,d7c4099f1dc3c027b3cf309c7904b870
train,C:\Users\Ramiro\Documents\Trabajo Integrador\cowtrack\data\processed\yolo_aerial_baseline\images\train\train_00104_DJI_20230627132900_0040_V.jpg,C:\Users\Ramiro\Documents\Trabajo Integrador\cowtrack\data\processed\yolo_aerial_baseline\labels\train\train_00104_DJI_20230627132900_0040_V.txt,6,5280,3956,66c920b796d766979fc6acd0e02c0020
train,C:\Users\Ramiro\Documents\Trabajo Integrador\cowtrack\data\processed\yolo_aerial_baseline\images\train\train_00105_DJI_20230926114403_0033_V.jpg,C:\Users\Ramiro\Documents\Trabajo Integrador\cowtrack\data\processed\yolo_aerial_baseline\labels\train\train_00105_DJI_20230926114403_0033_V.txt,23,5280,3956,417a1165310123e3dc7e0b9f9396e992
train,C:\Users\Ramiro\Documents\Trabajo Integrador\cowtrack\data\processed\yolo_aerial_baseline\images\train\train_00106_DJI_20230607180601_0001_V.jpg,C:\Users\Ramiro\Documents\Trabajo Integrador\cowtrack\data\processed\yolo_aerial_baseline\labels\train\train_00106_DJI_20230607180601_0001_V.txt,47,4000,3000,b18e7ae2b6db2841dac33a6c4f2f28dd
train,C:\Users\Ramiro\Documents\Trabajo Integrador\cowtrack\data\processed\yolo_aerial_baseline\images\train\train_00107_DJI_20230627132931_0049_V.jpg,C:\Users\Ramiro\Documents\Trabajo Integrador\cowtrack\data\processed\yolo_aerial_baseline\labels\train\train_00107_DJI_20230627132931_0049_V.txt,0,5280,3956,18de23525f35cf0bbc032e44b116e26e
train,C:\Users\Ramiro\Documents\Trabajo Integrador\cowtrack\data\processed\yolo_aerial_baseline\images\train\train_00108_DJI_20230627133316_0120_V.jpg,C:\Users\Ramiro\Documents\Trabajo Integrador\cowtrack\data\processed\yolo_aerial_baseline\labels\train\train_00108_DJI_20230627133316_0120_V.txt,0,5280,3956,f88cdf378ec8eb30e37a5c77b51341aa
train,C:\Users\Ramiro\Documents\Trabajo Integrador\cowtrack\data\processed\yolo_aerial_baseline\images\train\train_00109_DJI_20230627132738_0015_V.jpg,C:\Users\Ramiro\Documents\Trabajo Integrador\cowtrack\data\processed\yolo_aerial_baseline\labels\train\train_00109_DJI_20230627132738_0015_V.txt,2,5280,3956,dcea93bcf07ea5c12a4f3efc563c78f8
train,C:\Users\Ramiro\Documents\Trabajo Integrador\cowtrack\data\processed\yolo_aerial_baseline\images\train\train_00110_DJI_20230623110715_0005_V.jpg,C:\Users\Ramiro\Documents\Trabajo Integrador\cowtrack\data\processed\yolo_aerial_baseline\labels\train\train_00110_DJI_20230623110715_0005_V.txt,6,5280,3956,355bdce302bbe5f76ccfc178d44ad109
train,C:\Users\Ramiro\Documents\Trabajo Integrador\cowtrack\data\processed\yolo_aerial_baseline\images\train\train_00111_DJI_20230809151215_0044_V.jpg,C:\Users\Ramiro\Documents\Trabajo Integrador\cowtrack\data\processed\yolo_aerial_baseline\labels\train\train_00111_DJI_20230809151215_0044_V.txt,4,4000,3000,8581f9559da63932ed4b8ec0692b1e41
train,C:\Users\Ramiro\Documents\Trabajo Integrador\cowtrack\data\processed\yolo_aerial_baseline\images\train\train_00112_DJI_20230926114306_0023_V.jpg,C:\Users\Ramiro\Documents\Trabajo Integrador\cowtrack\data\processed\yolo_aerial_baseline\labels\train\train_00112_DJI_20230926114306_0023_V.txt,35,5280,3956,71b3b94c46a400c1ade412dea755cbb7
train,C:\Users\Ramiro\Documents\Trabajo Integrador\cowtrack\data\processed\yolo_aerial_baseline\images\train\train_00113_DJI_20230627132744_0017_V.jpg,C:\Users\Ramiro\Documents\Trabajo Integrador\cowtrack\data\processed\yolo_aerial_baseline\labels\train\train_00113_DJI_20230627132744_0017_V.txt,1,5280,3956,ba675377cde15478bd90a7b384f9a6b6
train,C:\Users\Ramiro\Documents\Trabajo Integrador\cowtrack\data\processed\yolo_aerial_baseline\images\train\train_00114_DJI_20230809145634_0038_V.jpg,C:\Users\Ramiro\Documents\Trabajo Integrador\cowtrack\data\processed\yolo_aerial_baseline\labels\train\train_00114_DJI_20230809145634_0038_V.txt,0,4000,3000,5a3e057d45c1b47517f5a3d6c443546b
train,C:\Users\Ramiro\Documents\Trabajo Integrador\cowtrack\data\processed\yolo_aerial_baseline\images\train\train_00115_DJI_20230809151154_0029_V.jpg,C:\Users\Ramiro\Documents\Trabajo Integrador\cowtrack\data\processed\yolo_aerial_baseline\labels\train\train_00115_DJI_20230809151154_0029_V.txt,0,4000,3000,07047b3094dfeddfb56aa3ab37c3900a
train,C:\Users\Ramiro\Documents\Trabajo Integrador\cowtrack\data\processed\yolo_aerial_baseline\images\train\train_00116_DJI_20230809145609_0009_V.jpg,C:\Users\Ramiro\Documents\Trabajo Integrador\cowtrack\data\processed\yolo_aerial_baseline\labels\train\train_00116_DJI_20230809145609_0009_V.txt,3,4000,3000,bc3c25f6cd6b51c52f6cfd02f591f6db
train,C:\Users\Ramiro\Documents\Trabajo Integrador\cowtrack\data\processed\yolo_aerial_baseline\images\train\train_00117_DJI_20230926134939_0042_V.jpg,C:\Users\Ramiro\Documents\Trabajo Integrador\cowtrack\data\processed\yolo_aerial_baseline\labels\train\train_00117_DJI_20230926134939_0042_V.txt,14,5280,3956,ab412e1824d32e0441d36318f8cb5833
train,C:\Users\Ramiro\Documents\Trabajo Integrador\cowtrack\data\processed\yolo_aerial_baseline\images\train\train_00118_DJI_20230926115146_0021_V.jpg,C:\Users\Ramiro\Documents\Trabajo Integrador\cowtrack\data\processed\yolo_aerial_baseline\labels\train\train_00118_DJI_20230926115146_0021_V.txt,4,5280,3956,9442a1aa4f681fdf590c1ce33705c3f7
train,C:\Users\Ramiro\Documents\Trabajo Integrador\cowtrack\data\processed\yolo_aerial_baseline\images\train\train_00119_DJI_20230627132903_0041_V.jpg,C:\Users\Ramiro\Documents\Trabajo Integrador\cowtrack\data\processed\yolo_aerial_baseline\labels\train\train_00119_DJI_20230627132903_0041_V.txt,4,5280,3956,5ebcbf063ceedfcf0573734e89120260
train,C:\Users\Ramiro\Documents\Trabajo Integrador\cowtrack\data\processed\yolo_aerial_baseline\images\train\train_00120_DJI_20230726084631_0040_V.jpg,C:\Users\Ramiro\Documents\Trabajo Integrador\cowtrack\data\processed\yolo_aerial_baseline\labels\train\train_00120_DJI_20230726084631_0040_V.txt,20,5280,3956,c1928110174f52c59df512b85aded04e
train,C:\Users\Ramiro\Documents\Trabajo Integrador\cowtrack\data\processed\yolo_aerial_baseline\images\train\train_00121_DJI_20230809151208_0039_V.jpg,C:\Users\Ramiro\Documents\Trabajo Integrador\cowtrack\data\processed\yolo_aerial_baseline\labels\train\train_00121_DJI_20230809151208_0039_V.txt,10,4000,3000,6bb16ae98e658b760faea3e5eeee5bdd
train,C:\Users\Ramiro\Documents\Trabajo Integrador\cowtrack\data\processed\yolo_aerial_baseline\images\train\train_00122_DJI_20230627133001_0059_V.jpg,C:\Users\Ramiro\Documents\Trabajo Integrador\cowtrack\data\processed\yolo_aerial_baseline\labels\train\train_00122_DJI_20230627133001_0059_V.txt,5,5280,3956,29d3539f1f83a000d8aeb993ba1fd534
train,C:\Users\Ramiro\Documents\Trabajo Integrador\cowtrack\data\processed\yolo_aerial_baseline\images\train\train_00123_DJI_20230627133048_0075_V.jpg,C:\Users\Ramiro\Documents\Trabajo Integrador\cowtrack\data\processed\yolo_aerial_baseline\labels\train\train_00123_DJI_20230627133048_0075_V.txt,0,5280,3956,4e5e4288b49bd82f1a37b4943214cf33
train,C:\Users\Ramiro\Documents\Trabajo Integrador\cowtrack\data\processed\yolo_aerial_baseline\images\train\train_00124_DJI_20230926114221_0014_V.jpg,C:\Users\Ramiro\Documents\Trabajo Integrador\cowtrack\data\processed\yolo_aerial_baseline\labels\train\train_00124_DJI_20230926114221_0014_V.txt,7,5280,3956,406cec060992fd1112365d92409efe33
train,C:\Users\Ramiro\Documents\Trabajo Integrador\cowtrack\data\processed\yolo_aerial_baseline\images\train\train_00125_DJI_20230605184545_0013_V.jpg,C:\Users\Ramiro\Documents\Trabajo Integrador\cowtrack\data\processed\yolo_aerial_baseline\labels\train\train_00125_DJI_20230605184545_0013_V.txt,3,4000,3000,ec3aa8d6b2ef1eb741e9dfd4ef2ba42f
train,C:\Users\Ramiro\Documents\Trabajo Integrador\cowtrack\data\processed\yolo_aerial_baseline\images\train\train_00126_DJI_20230623111009_0040_V.jpg,C:\Users\Ramiro\Documents\Trabajo Integrador\cowtrack\data\processed\yolo_aerial_baseline\labels\train\train_00126_DJI_20230623111009_0040_V.txt,0,5280,3956,bfc95803691ae573d7cc3379bff44271
train,C:\Users\Ramiro\Documents\Trabajo Integrador\cowtrack\data\processed\yolo_aerial_baseline\images\train\train_00127_DJI_20230926134742_0020_V.jpg,C:\Users\Ramiro\Documents\Trabajo Integrador\cowtrack\data\processed\yolo_aerial_baseline\labels\train\train_00127_DJI_20230926134742_0020_V.txt,6,5280,3956,9f4880a158362e7e2efc719af5816ba1
train,C:\Users\Ramiro\Documents\Trabajo Integrador\cowtrack\data\processed\yolo_aerial_baseline\images\train\train_00128_DJI_20230623110725_0007_V.jpg,C:\Users\Ramiro\Documents\Trabajo Integrador\cowtrack\data\processed\yolo_aerial_baseline\labels\train\train_00128_DJI_20230623110725_0007_V.txt,6,5280,3956,e749c110fd96e97d9593d4eb9e8017f8
train,C:\Users\Ramiro\Documents\Trabajo Integrador\cowtrack\data\processed\yolo_aerial_baseline\images\train\train_00129_DJI_20230726084437_0017_V.jpg,C:\Users\Ramiro\Documents\Trabajo Integrador\cowtrack\data\processed\yolo_aerial_baseline\labels\train\train_00129_DJI_20230726084437_0017_V.txt,0,5280,3956,498f07396dc7b5f20be618aefcfcb7cf
train,C:\Users\Ramiro\Documents\Trabajo Integrador\cowtrack\data\processed\yolo_aerial_baseline\images\train\train_00130_DJI_20230605184622_0039_V.jpg,C:\Users\Ramiro\Documents\Trabajo Integrador\cowtrack\data\processed\yolo_aerial_baseline\labels\train\train_00130_DJI_20230605184622_0039_V.txt,0,4000,3000,d90a17b59171973dd9c56ce16ec12fe7
train,C:\Users\Ramiro\Documents\Trabajo Integrador\cowtrack\data\processed\yolo_aerial_baseline\images\train\train_00131_DJI_20230605184552_0018_V.jpg,C:\Users\Ramiro\Documents\Trabajo Integrador\cowtrack\data\processed\yolo_aerial_baseline\labels\train\train_00131_DJI_20230605184552_0018_V.txt,0,4000,3000,dd5ae98e68e83589bc6f1898ef79ab27
train,C:\Users\Ramiro\Documents\Trabajo Integrador\cowtrack\data\processed\yolo_aerial_baseline\images\train\train_00132_DJI_20230623110805_0015_V.jpg,C:\Users\Ramiro\Documents\Trabajo Integrador\cowtrack\data\processed\yolo_aerial_baseline\labels\train\train_00132_DJI_20230623110805_0015_V.txt,0,5280,3956,0e55932547f013e4275e95d6e349f338
train,C:\Users\Ramiro\Documents\Trabajo Integrador\cowtrack\data\processed\yolo_aerial_baseline\images\train\train_00133_DJI_20230627132732_0013_V.jpg,C:\Users\Ramiro\Documents\Trabajo Integrador\cowtrack\data\processed\yolo_aerial_baseline\labels\train\train_00133_DJI_20230627132732_0013_V.txt,0,5280,3956,4cf88e6dd7778cc0799638f9faa1bb8d
train,C:\Users\Ramiro\Documents\Trabajo Integrador\cowtrack\data\processed\yolo_aerial_baseline\images\train\train_00134_DJI_20230605184601_0024_V.jpg,C:\Users\Ramiro\Documents\Trabajo Integrador\cowtrack\data\processed\yolo_aerial_baseline\labels\train\train_00134_DJI_20230605184601_0024_V.txt,11,4000,3000,ed93a06b411451bdcf82545a4054f6e0
train,C:\Users\Ramiro\Documents\Trabajo Integrador\cowtrack\data\processed\yolo_aerial_baseline\images\train\train_00135_DJI_20230926115423_0051_V.jpg,C:\Users\Ramiro\Documents\Trabajo Integrador\cowtrack\data\processed\yolo_aerial_baseline\labels\train\train_00135_DJI_20230926115423_0051_V.txt,0,5280,3956,50e8f1dbfc3f48d0bf921d34cfda14d3
train,C:\Users\Ramiro\Documents\Trabajo Integrador\cowtrack\data\processed\yolo_aerial_baseline\images\train\train_00136_DJI_20230926114131_0005_V.jpg,C:\Users\Ramiro\Documents\Trabajo Integrador\cowtrack\data\processed\yolo_aerial_baseline\labels\train\train_00136_DJI_20230926114131_0005_V.txt,0,5280,3956,c0ac8a91b17aba077e4cbd6d6006523c
train,C:\Users\Ramiro\Documents\Trabajo Integrador\cowtrack\data\processed\yolo_aerial_baseline\images\train\train_00137_DJI_20230809151126_0009_V.jpg,C:\Users\Ramiro\Documents\Trabajo Integrador\cowtrack\data\processed\yolo_aerial_baseline\labels\train\train_00137_DJI_20230809151126_0009_V.txt,2,4000,3000,2b007e8fbff38969b106a825d9265209
train,C:\Users\Ramiro\Documents\Trabajo Integrador\cowtrack\data\processed\yolo_aerial_baseline\images\train\train_00138_DJI_20230605184602_0025_V.jpg,C:\Users\Ramiro\Documents\Trabajo Integrador\cowtrack\data\processed\yolo_aerial_baseline\labels\train\train_00138_DJI_20230605184602_0025_V.txt,35,4000,3000,ef8561f1dec94569aa9cf25af6279a66
train,C:\Users\Ramiro\Documents\Trabajo Integrador\cowtrack\data\processed\yolo_aerial_baseline\images\train\train_00139_DJI_20230926134944_0043_V.jpg,C:\Users\Ramiro\Documents\Trabajo Integrador\cowtrack\data\processed\yolo_aerial_baseline\labels\train\train_00139_DJI_20230926134944_0043_V.txt,21,5280,3956,ad4474a931c0570eff0bcae45c11d966
train,C:\Users\Ramiro\Documents\Trabajo Integrador\cowtrack\data\processed\yolo_aerial_baseline\images\train\train_00140_DJI_20230809151207_0038_V.jpg,C:\Users\Ramiro\Documents\Trabajo Integrador\cowtrack\data\processed\yolo_aerial_baseline\labels\train\train_00140_DJI_20230809151207_0038_V.txt,14,4000,3000,ae8bf3e989a31845554e45235d91320a
train,C:\Users\Ramiro\Documents\Trabajo Integrador\cowtrack\data\processed\yolo_aerial_baseline\images\train\train_00141_DJI_20230926114256_0021_V.jpg,C:\Users\Ramiro\Documents\Trabajo Integrador\cowtrack\data\processed\yolo_aerial_baseline\labels\train\train_00141_DJI_20230926114256_0021_V.txt,6,5280,3956,4615c0f25d00db443f3fcbd18dd0eeed
train,C:\Users\Ramiro\Documents\Trabajo Integrador\cowtrack\data\processed\yolo_aerial_baseline\images\train\train_00142_DJI_20230926115333_0041_V.jpg,C:\Users\Ramiro\Documents\Trabajo Integrador\cowtrack\data\processed\yolo_aerial_baseline\labels\train\train_00142_DJI_20230926115333_0041_V.txt,0,5280,3956,1a88245fb67e7ab41fe2320af1e35c06
train,C:\Users\Ramiro\Documents\Trabajo Integrador\cowtrack\data\processed\yolo_aerial_baseline\images\train\train_00143_DJI_20230726084343_0006_V.jpg,C:\Users\Ramiro\Documents\Trabajo Integrador\cowtrack\data\processed\yolo_aerial_baseline\labels\train\train_00143_DJI_20230726084343_0006_V.txt,11,5280,3956,ea059ab94c513f65106a2175b713a639
train,C:\Users\Ramiro\Documents\Trabajo Integrador\cowtrack\data\processed\yolo_aerial_baseline\images\train\train_00144_DJI_20230809145618_0019_V.jpg,C:\Users\Ramiro\Documents\Trabajo Integrador\cowtrack\data\processed\yolo_aerial_baseline\labels\train\train_00144_DJI_20230809145618_0019_V.txt,7,4000,3000,6fa4d2bec9451d3e4e37b417dd520c8a
train,C:\Users\Ramiro\Documents\Trabajo Integrador\cowtrack\data\processed\yolo_aerial_baseline\images\train\train_00145_DJI_20230809145642_0048_V.jpg,C:\Users\Ramiro\Documents\Trabajo Integrador\cowtrack\data\processed\yolo_aerial_baseline\labels\train\train_00145_DJI_20230809145642_0048_V.txt,0,4000,3000,c955ed2d8cdf6c6b69f012658f36aae8
train,C:\Users\Ramiro\Documents\Trabajo Integrador\cowtrack\data\processed\yolo_aerial_baseline\images\train\train_00146_DJI_20230627133112_0083_V.jpg,C:\Users\Ramiro\Documents\Trabajo Integrador\cowtrack\data\processed\yolo_aerial_baseline\labels\train\train_00146_DJI_20230627133112_0083_V.txt,3,5280,3956,cb28fc6161010b3a922bb4589ee3a0a6
train,C:\Users\Ramiro\Documents\Trabajo Integrador\cowtrack\data\processed\yolo_aerial_baseline\images\train\train_00147_DJI_20230926114532_0051_V.jpg,C:\Users\Ramiro\Documents\Trabajo Integrador\cowtrack\data\processed\yolo_aerial_baseline\labels\train\train_00147_DJI_20230926114532_0051_V.txt,0,5280,3956,8cf978ddaaae5efa429f8954f17d1915
train,C:\Users\Ramiro\Documents\Trabajo Integrador\cowtrack\data\processed\yolo_aerial_baseline\images\train\train_00148_DJI_20230809145611_0011_V.jpg,C:\Users\Ramiro\Documents\Trabajo Integrador\cowtrack\data\processed\yolo_aerial_baseline\labels\train\train_00148_DJI_20230809145611_0011_V.txt,3,4000,3000,280a91502dc492d1cb97d593da3ec326
train,C:\Users\Ramiro\Documents\Trabajo Integrador\cowtrack\data\processed\yolo_aerial_baseline\images\train\train_00149_DJI_20230809145615_0016_V.jpg,C:\Users\Ramiro\Documents\Trabajo Integrador\cowtrack\data\processed\yolo_aerial_baseline\labels\train\train_00149_DJI_20230809145615_0016_V.txt,1,4000,3000,2332d24557f980029fc9c9dfa97e31d9
train,C:\Users\Ramiro\Documents\Trabajo Integrador\cowtrack\data\processed\yolo_aerial_baseline\images\train\train_00150_DJI_20230627132913_0043_V.jpg,C:\Users\Ramiro\Documents\Trabajo Integrador\cowtrack\data\processed\yolo_aerial_baseline\labels\train\train_00150_DJI_20230627132913_0043_V.txt,0,5280,3956,e46ae3b6aa71f506a99f011ae6c4bfbb
train,C:\Users\Ramiro\Documents\Trabajo Integrador\cowtrack\data\processed\yolo_aerial_baseline\images\train\train_00151_DJI_20230926115016_0004_V.jpg,C:\Users\Ramiro\Documents\Trabajo Integrador\cowtrack\data\processed\yolo_aerial_baseline\labels\train\train_00151_DJI_20230926115016_0004_V.txt,0,5280,3956,fab526ce7f36fbb31599d098ee729e0c
train,C:\Users\Ramiro\Documents\Trabajo Integrador\cowtrack\data\processed\yolo_aerial_baseline\images\train\train_00152_DJI_20230726084412_0012_V.jpg,C:\Users\Ramiro\Documents\Trabajo Integrador\cowtrack\data\processed\yolo_aerial_baseline\labels\train\train_00152_DJI_20230726084412_0012_V.txt,9,5280,3956,62c71e3ace397caaf1ee27008e8ab59f
train,C:\Users\Ramiro\Documents\Trabajo Integrador\cowtrack\data\processed\yolo_aerial_baseline\images\train\train_00153_DJI_20230926114121_0003_V.jpg,C:\Users\Ramiro\Documents\Trabajo Integrador\cowtrack\data\processed\yolo_aerial_baseline\labels\train\train_00153_DJI_20230926114121_0003_V.txt,0,5280,3956,3ddbead27090b03ec7a58632e610dc7d
train,C:\Users\Ramiro\Documents\Trabajo Integrador\cowtrack\data\processed\yolo_aerial_baseline\images\train\train_00154_DJI_20230809145629_0033_V.jpg,C:\Users\Ramiro\Documents\Trabajo Integrador\cowtrack\data\processed\yolo_aerial_baseline\labels\train\train_00154_DJI_20230809145629_0033_V.txt,3,4000,3000,5968e58749497be6ee8b028d9de22cf3
train,C:\Users\Ramiro\Documents\Trabajo Integrador\cowtrack\data\processed\yolo_aerial_baseline\images\train\train_00155_DJI_20230627132842_0034_V.jpg,C:\Users\Ramiro\Documents\Trabajo Integrador\cowtrack\data\processed\yolo_aerial_baseline\labels\train\train_00155_DJI_20230627132842_0034_V.txt,0,5280,3956,2c4296a38c832a2df6d74d6491800d40
train,C:\Users\Ramiro\Documents\Trabajo Integrador\cowtrack\data\processed\yolo_aerial_baseline\images\train\train_00156_DJI_20230623110740_0010_V.jpg,C:\Users\Ramiro\Documents\Trabajo Integrador\cowtrack\data\processed\yolo_aerial_baseline\labels\train\train_00156_DJI_20230623110740_0010_V.txt,0,5280,3956,e5c1ad25f01ca8b829e2c14dc34ea5c5
train,C:\Users\Ramiro\Documents\Trabajo Integrador\cowtrack\data\processed\yolo_aerial_baseline\images\train\train_00157_DJI_20230926114226_0015_V.jpg,C:\Users\Ramiro\Documents\Trabajo Integrador\cowtrack\data\processed\yolo_aerial_baseline\labels\train\train_00157_DJI_20230926114226_0015_V.txt,12,5280,3956,9feca8bcfa25cf960a71309c72810ab4
train,C:\Users\Ramiro\Documents\Trabajo Integrador\cowtrack\data\processed\yolo_aerial_baseline\images\train\train_00158_DJI_20230726084403_0010_V.jpg,C:\Users\Ramiro\Documents\Trabajo Integrador\cowtrack\data\processed\yolo_aerial_baseline\labels\train\train_00158_DJI_20230726084403_0010_V.txt,10,5280,3956,b94caf7bdd9b28f059c0f792bb0b6ce1
train,C:\Users\Ramiro\Documents\Trabajo Integrador\cowtrack\data\processed\yolo_aerial_baseline\images\train\train_00159_DJI_20230809151211_0041_V.jpg,C:\Users\Ramiro\Documents\Trabajo Integrador\cowtrack\data\processed\yolo_aerial_baseline\labels\train\train_00159_DJI_20230809151211_0041_V.txt,3,4000,3000,b89d204930145d8a31cf58e98481d51a
train,C:\Users\Ramiro\Documents\Trabajo Integrador\cowtrack\data\processed\yolo_aerial_baseline\images\train\train_00160_DJI_20230623110914_0029_V.jpg,C:\Users\Ramiro\Documents\Trabajo Integrador\cowtrack\data\processed\yolo_aerial_baseline\labels\train\train_00160_DJI_20230623110914_0029_V.txt,9,5280,3956,2dd47b69a79e9573c8aabb2108d45e89
train,C:\Users\Ramiro\Documents\Trabajo Integrador\cowtrack\data\processed\yolo_aerial_baseline\images\train\train_00161_DJI_20230726084636_0041_V.jpg,C:\Users\Ramiro\Documents\Trabajo Integrador\cowtrack\data\processed\yolo_aerial_baseline\labels\train\train_00161_DJI_20230726084636_0041_V.txt,19,5280,3956,5d98f78353814a60fb75cf545c98eb34
train,C:\Users\Ramiro\Documents\Trabajo Integrador\cowtrack\data\processed\yolo_aerial_baseline\images\train\train_00162_DJI_20230627133054_0077_V.jpg,C:\Users\Ramiro\Documents\Trabajo Integrador\cowtrack\data\processed\yolo_aerial_baseline\labels\train\train_00162_DJI_20230627133054_0077_V.txt,10,5280,3956,a48639f233c881b40a1c1e544e019156
train,C:\Users\Ramiro\Documents\Trabajo Integrador\cowtrack\data\processed\yolo_aerial_baseline\images\train\train_00163_DJI_20230809151119_0004_V.jpg,C:\Users\Ramiro\Documents\Trabajo Integrador\cowtrack\data\processed\yolo_aerial_baseline\labels\train\train_00163_DJI_20230809151119_0004_V.txt,5,4000,3000,25c729fb34013c29bf1ecfd48860c307
train,C:\Users\Ramiro\Documents\Trabajo Integrador\cowtrack\data\processed\yolo_aerial_baseline\images\train\train_00164_DJI_20230926115156_0023_V.jpg,C:\Users\Ramiro\Documents\Trabajo Integrador\cowtrack\data\processed\yolo_aerial_baseline\labels\train\train_00164_DJI_20230926115156_0023_V.txt,36,5280,3956,7864c68540107f203fcabc4afce919d0
train,C:\Users\Ramiro\Documents\Trabajo Integrador\cowtrack\data\processed\yolo_aerial_baseline\images\train\train_00165_DJI_20230926134747_0021_V.jpg,C:\Users\Ramiro\Documents\Trabajo Integrador\cowtrack\data\processed\yolo_aerial_baseline\labels\train\train_00165_DJI_20230926134747_0021_V.txt,6,5280,3956,67e4f819cd758efdc003914562d11df0
train,C:\Users\Ramiro\Documents\Trabajo Integrador\cowtrack\data\processed\yolo_aerial_baseline\images\train\train_00166_DJI_20230809145619_0021_V.jpg,C:\Users\Ramiro\Documents\Trabajo Integrador\cowtrack\data\processed\yolo_aerial_baseline\labels\train\train_00166_DJI_20230809145619_0021_V.txt,12,4000,3000,151d992b559912900aab4f8d1aa01730
train,C:\Users\Ramiro\Documents\Trabajo Integrador\cowtrack\data\processed\yolo_aerial_baseline\images\train\train_00167_DJI_20230605184535_0006_V.jpg,C:\Users\Ramiro\Documents\Trabajo Integrador\cowtrack\data\processed\yolo_aerial_baseline\labels\train\train_00167_DJI_20230605184535_0006_V.txt,5,4000,3000,893e53aee5aaedaef9b334510a9c85eb
train,C:\Users\Ramiro\Documents\Trabajo Integrador\cowtrack\data\processed\yolo_aerial_baseline\images\train\train_00168_DJI_20230605184540_0009_V.jpg,C:\Users\Ramiro\Documents\Trabajo Integrador\cowtrack\data\processed\yolo_aerial_baseline\labels\train\train_00168_DJI_20230605184540_0009_V.txt,29,4000,3000,6152477a2b0843ad31b8736972cde4cf
train,C:\Users\Ramiro\Documents\Trabajo Integrador\cowtrack\data\processed\yolo_aerial_baseline\images\train\train_00169_DJI_20230809145630_0034_V.jpg,C:\Users\Ramiro\Documents\Trabajo Integrador\cowtrack\data\processed\yolo_aerial_baseline\labels\train\train_00169_DJI_20230809145630_0034_V.txt,3,4000,3000,f4d7e32bea7156732779713afe30c2f5
train,C:\Users\Ramiro\Documents\Trabajo Integrador\cowtrack\data\processed\yolo_aerial_baseline\images\train\train_00170_DJI_20230926135641_0032_V.jpg,C:\Users\Ramiro\Documents\Trabajo Integrador\cowtrack\data\processed\yolo_aerial_baseline\labels\train\train_00170_DJI_20230926135641_0032_V.txt,21,5280,3956,c8a56c14a90e874743dc24061e390988
train,C:\Users\Ramiro\Documents\Trabajo Integrador\cowtrack\data\processed\yolo_aerial_baseline\images\train\train_00171_DJI_20230627133234_0106_V.jpg,C:\Users\Ramiro\Documents\Trabajo Integrador\cowtrack\data\processed\yolo_aerial_baseline\labels\train\train_00171_DJI_20230627133234_0106_V.txt,0,5280,3956,7d811e87fcd93e33f47d56f02a7fbb0a
train,C:\Users\Ramiro\Documents\Trabajo Integrador\cowtrack\data\processed\yolo_aerial_baseline\images\train\train_00172_DJI_20230926135504_0014_V.jpg,C:\Users\Ramiro\Documents\Trabajo Integrador\cowtrack\data\processed\yolo_aerial_baseline\labels\train\train_00172_DJI_20230926135504_0014_V.txt,20,5280,3956,0c4d814ecf885d77910b29440a5f8391
train,C:\Users\Ramiro\Documents\Trabajo Integrador\cowtrack\data\processed\yolo_aerial_baseline\images\train\train_00173_DJI_20230926134607_0002_V.jpg,C:\Users\Ramiro\Documents\Trabajo Integrador\cowtrack\data\processed\yolo_aerial_baseline\labels\train\train_00173_DJI_20230926134607_0002_V.txt,1,5280,3956,ef4591cd5a7c66566015c0a6d8e5bd3c
train,C:\Users\Ramiro\Documents\Trabajo Integrador\cowtrack\data\processed\yolo_aerial_baseline\images\train\train_00174_DJI_20230605184532_0004_V.jpg,C:\Users\Ramiro\Documents\Trabajo Integrador\cowtrack\data\processed\yolo_aerial_baseline\labels\train\train_00174_DJI_20230605184532_0004_V.txt,0,4000,3000,3cc0ff8dac86e6c3ea7b5b8b91cc4b01
train,C:\Users\Ramiro\Documents\Trabajo Integrador\cowtrack\data\processed\yolo_aerial_baseline\images\train\train_00175_DJI_20230627132828_0029_V.jpg,C:\Users\Ramiro\Documents\Trabajo Integrador\cowtrack\data\processed\yolo_aerial_baseline\labels\train\train_00175_DJI_20230627132828_0029_V.txt,0,5280,3956,a09385806cb2c4416485412ff57b2c54
train,C:\Users\Ramiro\Documents\Trabajo Integrador\cowtrack\data\processed\yolo_aerial_baseline\images\train\train_00176_DJI_20230809145617_0018_V.jpg,C:\Users\Ramiro\Documents\Trabajo Integrador\cowtrack\data\processed\yolo_aerial_baseline\labels\train\train_00176_DJI_20230809145617_0018_V.txt,5,4000,3000,973256b579d6e1099e8e80fc0a3a5f71
train,C:\Users\Ramiro\Documents\Trabajo Integrador\cowtrack\data\processed\yolo_aerial_baseline\images\train\train_00177_DJI_20230926135621_0028_V.jpg,C:\Users\Ramiro\Documents\Trabajo Integrador\cowtrack\data\processed\yolo_aerial_baseline\labels\train\train_00177_DJI_20230926135621_0028_V.txt,0,5280,3956,216118b660c3ebe4bab6e8f846395b5d
train,C:\Users\Ramiro\Documents\Trabajo Integrador\cowtrack\data\processed\yolo_aerial_baseline\images\train\train_00178_DJI_20230926135554_0024_V.jpg,C:\Users\Ramiro\Documents\Trabajo Integrador\cowtrack\data\processed\yolo_aerial_baseline\labels\train\train_00178_DJI_20230926135554_0024_V.txt,17,5280,3956,84bf69bc315d9fdc2c53f5f745745899
train,C:\Users\Ramiro\Documents\Trabajo Integrador\cowtrack\data\processed\yolo_aerial_baseline\images\train\train_00179_DJI_20230926134834_0029_V.jpg,C:\Users\Ramiro\Documents\Trabajo Integrador\cowtrack\data\processed\yolo_aerial_baseline\labels\train\train_00179_DJI_20230926134834_0029_V.txt,0,5280,3956,5ea7ca98bf553ae51b1c86a3d1dca980
train,C:\Users\Ramiro\Documents\Trabajo Integrador\cowtrack\data\processed\yolo_aerial_baseline\images\train\train_00180_DJI_20230726084333_0004_V.jpg,C:\Users\Ramiro\Documents\Trabajo Integrador\cowtrack\data\processed\yolo_aerial_baseline\labels\train\train_00180_DJI_20230726084333_0004_V.txt,14,5280,3956,890d78656feabc502638390cb80d0992
train,C:\Users\Ramiro\Documents\Trabajo Integrador\cowtrack\data\processed\yolo_aerial_baseline\images\train\train_00181_DJI_20230926115443_0054_V.jpg,C:\Users\Ramiro\Documents\Trabajo Integrador\cowtrack\data\processed\yolo_aerial_baseline\labels\train\train_00181_DJI_20230926115443_0054_V.txt,0,5280,3956,64026e47278cfc9f32f774ebf9818522
train,C:\Users\Ramiro\Documents\Trabajo Integrador\cowtrack\data\processed\yolo_aerial_baseline\images\train\train_00182_DJI_20230623111019_0042_V.jpg,C:\Users\Ramiro\Documents\Trabajo Integrador\cowtrack\data\processed\yolo_aerial_baseline\labels\train\train_00182_DJI_20230623111019_0042_V.txt,0,5280,3956,b036fb0b00c49d9e99db08b22057d5a0
train,C:\Users\Ramiro\Documents\Trabajo Integrador\cowtrack\data\processed\yolo_aerial_baseline\images\train\train_00183_DJI_20230627132949_0055_V.jpg,C:\Users\Ramiro\Documents\Trabajo Integrador\cowtrack\data\processed\yolo_aerial_baseline\labels\train\train_00183_DJI_20230627132949_0055_V.txt,0,5280,3956,bfbfd0606e666687d9c1a418b55ce7a9
train,C:\Users\Ramiro\Documents\Trabajo Integrador\cowtrack\data\processed\yolo_aerial_baseline\images\train\train_00184_DJI_20230809145624_0027_V.jpg,C:\Users\Ramiro\Documents\Trabajo Integrador\cowtrack\data\processed\yolo_aerial_baseline\labels\train\train_00184_DJI_20230809145624_0027_V.txt,1,4000,3000,5ac1254f5947e304dc1642f3dc33453b
train,C:\Users\Ramiro\Documents\Trabajo Integrador\cowtrack\data\processed\yolo_aerial_baseline\images\train\train_00185_DJI_20230809145631_0035_V.jpg,C:\Users\Ramiro\Documents\Trabajo Integrador\cowtrack\data\processed\yolo_aerial_baseline\labels\train\train_00185_DJI_20230809145631_0035_V.txt,3,4000,3000,c1e71f41a713940b6ac56f759e1a0672
train,C:\Users\Ramiro\Documents\Trabajo Integrador\cowtrack\data\processed\yolo_aerial_baseline\images\train\train_00186_DJI_20230726084552_0032_V.jpg,C:\Users\Ramiro\Documents\Trabajo Integrador\cowtrack\data\processed\yolo_aerial_baseline\labels\train\train_00186_DJI_20230726084552_0032_V.txt,18,5280,3956,8f4c5df14485ac90bbc434d3128d84bc
train,C:\Users\Ramiro\Documents\Trabajo Integrador\cowtrack\data\processed\yolo_aerial_baseline\images\train\train_00187_DJI_20230809151214_0043_V.jpg,C:\Users\Ramiro\Documents\Trabajo Integrador\cowtrack\data\processed\yolo_aerial_baseline\labels\train\train_00187_DJI_20230809151214_0043_V.txt,4,4000,3000,b9bd01a16be94ac43a2295d1498937be
train,C:\Users\Ramiro\Documents\Trabajo Integrador\cowtrack\data\processed\yolo_aerial_baseline\images\train\train_00188_DJI_20230627132839_0033_V.jpg,C:\Users\Ramiro\Documents\Trabajo Integrador\cowtrack\data\processed\yolo_aerial_baseline\labels\train\train_00188_DJI_20230627132839_0033_V.txt,0,5280,3956,b79cab0aa256a9ebec9a4a27cd604d4d
train,C:\Users\Ramiro\Documents\Trabajo Integrador\cowtrack\data\processed\yolo_aerial_baseline\images\train\train_00189_DJI_20230926135604_0026_V.jpg,C:\Users\Ramiro\Documents\Trabajo Integrador\cowtrack\data\processed\yolo_aerial_baseline\labels\train\train_00189_DJI_20230926135604_0026_V.txt,0,5280,3956,fdf2848d080a7faee82364846bee2630
train,C:\Users\Ramiro\Documents\Trabajo Integrador\cowtrack\data\processed\yolo_aerial_baseline\images\train\train_00190_DJI_20230926135514_0016_V.jpg,C:\Users\Ramiro\Documents\Trabajo Integrador\cowtrack\data\processed\yolo_aerial_baseline\labels\train\train_00190_DJI_20230926135514_0016_V.txt,21,5280,3956,6980450af498c8ec10522aa926578842
train,C:\Users\Ramiro\Documents\Trabajo Integrador\cowtrack\data\processed\yolo_aerial_baseline\images\train\train_00191_DJI_20230726084507_0023_V.jpg,C:\Users\Ramiro\Documents\Trabajo Integrador\cowtrack\data\processed\yolo_aerial_baseline\labels\train\train_00191_DJI_20230726084507_0023_V.txt,9,5280,3956,80a23de66e8a6063fda051f59bf0ed95
train,C:\Users\Ramiro\Documents\Trabajo Integrador\cowtrack\data\processed\yolo_aerial_baseline\images\train\train_00192_DJI_20230926115243_0031_V.jpg,C:\Users\Ramiro\Documents\Trabajo Integrador\cowtrack\data\processed\yolo_aerial_baseline\labels\train\train_00192_DJI_20230926115243_0031_V.txt,14,5280,3956,e634a5ada1dc52aa6feb16c68ba97913
train,C:\Users\Ramiro\Documents\Trabajo Integrador\cowtrack\data\processed\yolo_aerial_baseline\images\train\train_00193_DJI_20230926115253_0033_V.jpg,C:\Users\Ramiro\Documents\Trabajo Integrador\cowtrack\data\processed\yolo_aerial_baseline\labels\train\train_00193_DJI_20230926115253_0033_V.txt,19,5280,3956,19fe2e4b9f29c2bba48595cddeddc7be
train,C:\Users\Ramiro\Documents\Trabajo Integrador\cowtrack\data\processed\yolo_aerial_baseline\images\train\train_00194_DJI_20230926134717_0015_V.jpg,C:\Users\Ramiro\Documents\Trabajo Integrador\cowtrack\data\processed\yolo_aerial_baseline\labels\train\train_00194_DJI_20230926134717_0015_V.txt,34,5280,3956,2452a2c19fdf9b992d04ace9ef2c0563
train,C:\Users\Ramiro\Documents\Trabajo Integrador\cowtrack\data\processed\yolo_aerial_baseline\images\train\train_00195_DJI_20230605184604_0026_V.jpg,C:\Users\Ramiro\Documents\Trabajo Integrador\cowtrack\data\processed\yolo_aerial_baseline\labels\train\train_00195_DJI_20230605184604_0026_V.txt,53,4000,3000,89c1e9246a54c2acff366e2017fafc8b
train,C:\Users\Ramiro\Documents\Trabajo Integrador\cowtrack\data\processed\yolo_aerial_baseline\images\train\train_00196_DJI_20230926135755_0047_V.jpg,C:\Users\Ramiro\Documents\Trabajo Integrador\cowtrack\data\processed\yolo_aerial_baseline\labels\train\train_00196_DJI_20230926135755_0047_V.txt,0,5280,3956,c2180879014cd6c096a09111e06dd3e0
train,C:\Users\Ramiro\Documents\Trabajo Integrador\cowtrack\data\processed\yolo_aerial_baseline\images\train\train_00197_DJI_20230926135509_0015_V.jpg,C:\Users\Ramiro\Documents\Trabajo Integrador\cowtrack\data\processed\yolo_aerial_baseline\labels\train\train_00197_DJI_20230926135509_0015_V.txt,26,5280,3956,d7ce4b2742a9535dd7d3fb25ce027749
train,C:\Users\Ramiro\Documents\Trabajo Integrador\cowtrack\data\processed\yolo_aerial_baseline\images\train\train_00198_DJI_20230607180646_0010_V.jpg,C:\Users\Ramiro\Documents\Trabajo Integrador\cowtrack\data\processed\yolo_aerial_baseline\labels\train\train_00198_DJI_20230607180646_0010_V.txt,0,4000,3000,b0e41ba1202f6a1adb69065ce9470b9c
train,C:\Users\Ramiro\Documents\Trabajo Integrador\cowtrack\data\processed\yolo_aerial_baseline\images\train\train_00199_DJI_20230926135636_0031_V.jpg,C:\Users\Ramiro\Documents\Trabajo Integrador\cowtrack\data\processed\yolo_aerial_baseline\labels\train\train_00199_DJI_20230926135636_0031_V.txt,18,5280,3956,fbd69a186fefd053ba864a46642ba59d
val,C:\Users\Ramiro\Documents\Trabajo Integrador\cowtrack\data\processed\yolo_aerial_baseline\images\val\val_00000_DJI_20230926115126_0017_V.jpg,C:\Users\Ramiro\Documents\Trabajo Integrador\cowtrack\data\processed\yolo_aerial_baseline\labels\val\val_00000_DJI_20230926115126_0017_V.txt,0,5280,3956,25bd430b030cc2804e486cd8fbb2efae
val,C:\Users\Ramiro\Documents\Trabajo Integrador\cowtrack\data\processed\yolo_aerial_baseline\images\val\val_00001_DJI_20230926115343_0043_V.jpg,C:\Users\Ramiro\Documents\Trabajo Integrador\cowtrack\data\processed\yolo_aerial_baseline\labels\val\val_00001_DJI_20230926115343_0043_V.txt,18,5280,3956,7bb7feea904e8d461464287cfb820bcb
val,C:\Users\Ramiro\Documents\Trabajo Integrador\cowtrack\data\processed\yolo_aerial_baseline\images\val\val_00002_DJI_20230809145612_0012_V.jpg,C:\Users\Ramiro\Documents\Trabajo Integrador\cowtrack\data\processed\yolo_aerial_baseline\labels\val\val_00002_DJI_20230809145612_0012_V.txt,6,4000,3000,4723f8d125607881b70f7beeed12b12c
val,C:\Users\Ramiro\Documents\Trabajo Integrador\cowtrack\data\processed\yolo_aerial_baseline\images\val\val_00003_DJI_20230926114448_0042_V.jpg,C:\Users\Ramiro\Documents\Trabajo Integrador\cowtrack\data\processed\yolo_aerial_baseline\labels\val\val_00003_DJI_20230926114448_0042_V.txt,6,5280,3956,96afdda6d1ae87879893d6525786ff51
val,C:\Users\Ramiro\Documents\Trabajo Integrador\cowtrack\data\processed\yolo_aerial_baseline\images\val\val_00004_DJI_20230809145620_0022_V.jpg,C:\Users\Ramiro\Documents\Trabajo Integrador\cowtrack\data\processed\yolo_aerial_baseline\labels\val\val_00004_DJI_20230809145620_0022_V.txt,12,4000,3000,677e7e0826445caf8d7263272100bfb2
val,C:\Users\Ramiro\Documents\Trabajo Integrador\cowtrack\data\processed\yolo_aerial_baseline\images\val\val_00005_DJI_20230623111103_0051_V.jpg,C:\Users\Ramiro\Documents\Trabajo Integrador\cowtrack\data\processed\yolo_aerial_baseline\labels\val\val_00005_DJI_20230623111103_0051_V.txt,0,5280,3956,7e971ec485e625f8a8f3e6becdf85e8c
val,C:\Users\Ramiro\Documents\Trabajo Integrador\cowtrack\data\processed\yolo_aerial_baseline\images\val\val_00006_DJI_20230607180310_0003_V.jpg,C:\Users\Ramiro\Documents\Trabajo Integrador\cowtrack\data\processed\yolo_aerial_baseline\labels\val\val_00006_DJI_20230607180310_0003_V.txt,46,4000,3000,bf0863a71d82636e5281201fa02f5f87
val,C:\Users\Ramiro\Documents\Trabajo Integrador\cowtrack\data\processed\yolo_aerial_baseline\images\val\val_00007_DJI_20230926115210_0026_V.jpg,C:\Users\Ramiro\Documents\Trabajo Integrador\cowtrack\data\processed\yolo_aerial_baseline\labels\val\val_00007_DJI_20230926115210_0026_V.txt,0,5280,3956,9c1d5b910689d0456da6eaa851159f63
val,C:\Users\Ramiro\Documents\Trabajo Integrador\cowtrack\data\processed\yolo_aerial_baseline\images\val\val_00008_DJI_20230926114301_0022_V.jpg,C:\Users\Ramiro\Documents\Trabajo Integrador\cowtrack\data\processed\yolo_aerial_baseline\labels\val\val_00008_DJI_20230926114301_0022_V.txt,36,5280,3956,72228a4e1cbd7cc0b618ff9de3772634
val,C:\Users\Ramiro\Documents\Trabajo Integrador\cowtrack\data\processed\yolo_aerial_baseline\images\val\val_00009_DJI_20230926114311_0024_V.jpg,C:\Users\Ramiro\Documents\Trabajo Integrador\cowtrack\data\processed\yolo_aerial_baseline\labels\val\val_00009_DJI_20230926114311_0024_V.txt,2,5280,3956,2b78031a8f2365c76f784681b24b101b
val,C:\Users\Ramiro\Documents\Trabajo Integrador\cowtrack\data\processed\yolo_aerial_baseline\images\val\val_00010_DJI_20230726084502_0022_V.jpg,C:\Users\Ramiro\Documents\Trabajo Integrador\cowtrack\data\processed\yolo_aerial_baseline\labels\val\val_00010_DJI_20230726084502_0022_V.txt,9,5280,3956,acd6fe9b282b8b1976f923782705a03f
val,C:\Users\Ramiro\Documents\Trabajo Integrador\cowtrack\data\processed\yolo_aerial_baseline\images\val\val_00011_DJI_20230809151209_0040_V.jpg,C:\Users\Ramiro\Documents\Trabajo Integrador\cowtrack\data\processed\yolo_aerial_baseline\labels\val\val_00011_DJI_20230809151209_0040_V.txt,5,4000,3000,f2c8326b4136e049623910791372b99a
val,C:\Users\Ramiro\Documents\Trabajo Integrador\cowtrack\data\processed\yolo_aerial_baseline\images\val\val_00012_DJI_20230926134612_0003_V.jpg,C:\Users\Ramiro\Documents\Trabajo Integrador\cowtrack\data\processed\yolo_aerial_baseline\labels\val\val_00012_DJI_20230926134612_0003_V.txt,1,5280,3956,cd1eeb68b19d325aec356606d9aa2c27
val,C:\Users\Ramiro\Documents\Trabajo Integrador\cowtrack\data\processed\yolo_aerial_baseline\images\val\val_00013_DJI_20230809151155_0030_V.jpg,C:\Users\Ramiro\Documents\Trabajo Integrador\cowtrack\data\processed\yolo_aerial_baseline\labels\val\val_00013_DJI_20230809151155_0030_V.txt,0,4000,3000,8cfabcc79201637b8ef24a5e32156d7a
val,C:\Users\Ramiro\Documents\Trabajo Integrador\cowtrack\data\processed\yolo_aerial_baseline\images\val\val_00014_DJI_20230926135736_0043_V.jpg,C:\Users\Ramiro\Documents\Trabajo Integrador\cowtrack\data\processed\yolo_aerial_baseline\labels\val\val_00014_DJI_20230926135736_0043_V.txt,17,5280,3956,4be7cdddd263fa5b411b7226cb965c4f
val,C:\Users\Ramiro\Documents\Trabajo Integrador\cowtrack\data\processed\yolo_aerial_baseline\images\val\val_00015_DJI_20230809145709_0080_V.jpg,C:\Users\Ramiro\Documents\Trabajo Integrador\cowtrack\data\processed\yolo_aerial_baseline\labels\val\val_00015_DJI_20230809145709_0080_V.txt,0,4000,3000,6248b12bc7c66d39c07006df447fba9d
val,C:\Users\Ramiro\Documents\Trabajo Integrador\cowtrack\data\processed\yolo_aerial_baseline\images\val\val_00016_DJI_20230605184615_0034_V.jpg,C:\Users\Ramiro\Documents\Trabajo Integrador\cowtrack\data\processed\yolo_aerial_baseline\labels\val\val_00016_DJI_20230605184615_0034_V.txt,53,4000,3000,c672dde618b98f08a2d4dbf056338dfa
val,C:\Users\Ramiro\Documents\Trabajo Integrador\cowtrack\data\processed\yolo_aerial_baseline\images\val\val_00017_DJI_20230726084338_0005_V.jpg,C:\Users\Ramiro\Documents\Trabajo Integrador\cowtrack\data\processed\yolo_aerial_baseline\labels\val\val_00017_DJI_20230726084338_0005_V.txt,9,5280,3956,80a0cdba084f3cffd6adc49fa866c17a
val,C:\Users\Ramiro\Documents\Trabajo Integrador\cowtrack\data\processed\yolo_aerial_baseline\images\val\val_00018_DJI_20230809145610_0010_V.jpg,C:\Users\Ramiro\Documents\Trabajo Integrador\cowtrack\data\processed\yolo_aerial_baseline\labels\val\val_00018_DJI_20230809145610_0010_V.txt,3,4000,3000,49b088fc559f66caa2da10dd33934e9f
val,C:\Users\Ramiro\Documents\Trabajo Integrador\cowtrack\data\processed\yolo_aerial_baseline\images\val\val_00019_DJI_20230926114358_0032_V.jpg,C:\Users\Ramiro\Documents\Trabajo Integrador\cowtrack\data\processed\yolo_aerial_baseline\labels\val\val_00019_DJI_20230926114358_0032_V.txt,22,5280,3956,6b5c9ea4144e73fffda3812d13b6197b
val,C:\Users\Ramiro\Documents\Trabajo Integrador\cowtrack\data\processed\yolo_aerial_baseline\images\val\val_00020_DJI_20230926134752_0022_V.jpg,C:\Users\Ramiro\Documents\Trabajo Integrador\cowtrack\data\processed\yolo_aerial_baseline\labels\val\val_00020_DJI_20230926134752_0022_V.txt,16,5280,3956,379a01f5210f881ccf6ffb86ab45a349
val,C:\Users\Ramiro\Documents\Trabajo Integrador\cowtrack\data\processed\yolo_aerial_baseline\images\val\val_00021_DJI_20230605182811_0011_V.jpg,C:\Users\Ramiro\Documents\Trabajo Integrador\cowtrack\data\processed\yolo_aerial_baseline\labels\val\val_00021_DJI_20230605182811_0011_V.txt,8,4000,3000,cb8ce34395a04e6a539e8fffe742a939
val,C:\Users\Ramiro\Documents\Trabajo Integrador\cowtrack\data\processed\yolo_aerial_baseline\images\val\val_00022_DJI_20230809151123_0007_V.jpg,C:\Users\Ramiro\Documents\Trabajo Integrador\cowtrack\data\processed\yolo_aerial_baseline\labels\val\val_00022_DJI_20230809151123_0007_V.txt,12,4000,3000,14ea0b18f3cd5c7603129c24862e4bde
val,C:\Users\Ramiro\Documents\Trabajo Integrador\cowtrack\data\processed\yolo_aerial_baseline\images\val\val_00023_DJI_20230726084358_0009_V.jpg,C:\Users\Ramiro\Documents\Trabajo Integrador\cowtrack\data\processed\yolo_aerial_baseline\labels\val\val_00023_DJI_20230726084358_0009_V.txt,10,5280,3956,df5892232af0cc0f468fb0c8a0cfa35e
val,C:\Users\Ramiro\Documents\Trabajo Integrador\cowtrack\data\processed\yolo_aerial_baseline\images\val\val_00024_DJI_20230623110929_0032_V.jpg,C:\Users\Ramiro\Documents\Trabajo Integrador\cowtrack\data\processed\yolo_aerial_baseline\labels\val\val_00024_DJI_20230623110929_0032_V.txt,8,5280,3956,85a27935459a7b3a33a8f95097d5b0b8
val,C:\Users\Ramiro\Documents\Trabajo Integrador\cowtrack\data\processed\yolo_aerial_baseline\images\val\val_00025_DJI_20230926134801_0024_V.jpg,C:\Users\Ramiro\Documents\Trabajo Integrador\cowtrack\data\processed\yolo_aerial_baseline\labels\val\val_00025_DJI_20230926134801_0024_V.txt,22,5280,3956,5e40ea41a2bf078ba26c0b2cfa51c467
val,C:\Users\Ramiro\Documents\Trabajo Integrador\cowtrack\data\processed\yolo_aerial_baseline\images\val\val_00026_DJI_20230605184542_0011_V.jpg,C:\Users\Ramiro\Documents\Trabajo Integrador\cowtrack\data\processed\yolo_aerial_baseline\labels\val\val_00026_DJI_20230605184542_0011_V.txt,29,4000,3000,0222af48fce59cd21deb793ea2686769
val,C:\Users\Ramiro\Documents\Trabajo Integrador\cowtrack\data\processed\yolo_aerial_baseline\images\val\val_00027_DJI_20230623110854_0025_V.jpg,C:\Users\Ramiro\Documents\Trabajo Integrador\cowtrack\data\processed\yolo_aerial_baseline\labels\val\val_00027_DJI_20230623110854_0025_V.txt,0,5280,3956,9768c6a959bbd5dedffc347830c8c739
val,C:\Users\Ramiro\Documents\Trabajo Integrador\cowtrack\data\processed\yolo_aerial_baseline\images\val\val_00028_DJI_20230627133201_0098_V.jpg,C:\Users\Ramiro\Documents\Trabajo Integrador\cowtrack\data\processed\yolo_aerial_baseline\labels\val\val_00028_DJI_20230627133201_0098_V.txt,11,5280,3956,db0a93b4ca74e2d2e77ce5fb6a9cc2b5
val,C:\Users\Ramiro\Documents\Trabajo Integrador\cowtrack\data\processed\yolo_aerial_baseline\images\val\val_00029_DJI_20230623110750_0012_V.jpg,C:\Users\Ramiro\Documents\Trabajo Integrador\cowtrack\data\processed\yolo_aerial_baseline\labels\val\val_00029_DJI_20230623110750_0012_V.txt,2,5280,3956,8d844552bf182dae7dcfd1ee87485ed7
val,C:\Users\Ramiro\Documents\Trabajo Integrador\cowtrack\data\processed\yolo_aerial_baseline\images\val\val_00030_DJI_20230627133103_0080_V.jpg,C:\Users\Ramiro\Documents\Trabajo Integrador\cowtrack\data\processed\yolo_aerial_baseline\labels\val\val_00030_DJI_20230627133103_0080_V.txt,0,5280,3956,41440a12fbd5102df9880073bb87567e
val,C:\Users\Ramiro\Documents\Trabajo Integrador\cowtrack\data\processed\yolo_aerial_baseline\images\val\val_00031_DJI_20230926135731_0042_V.jpg,C:\Users\Ramiro\Documents\Trabajo Integrador\cowtrack\data\processed\yolo_aerial_baseline\labels\val\val_00031_DJI_20230926135731_0042_V.txt,14,5280,3956,c263633a0dc53a945645e5ca4363e3ef
val,C:\Users\Ramiro\Documents\Trabajo Integrador\cowtrack\data\processed\yolo_aerial_baseline\images\val\val_00032_DJI_20230926135519_0017_V.jpg,C:\Users\Ramiro\Documents\Trabajo Integrador\cowtrack\data\processed\yolo_aerial_baseline\labels\val\val_00032_DJI_20230926135519_0017_V.txt,8,5280,3956,e2e101522e0f319af9b782e1094f52af
val,C:\Users\Ramiro\Documents\Trabajo Integrador\cowtrack\data\processed\yolo_aerial_baseline\images\val\val_00033_DJI_20230627133158_0097_V.jpg,C:\Users\Ramiro\Documents\Trabajo Integrador\cowtrack\data\processed\yolo_aerial_baseline\labels\val\val_00033_DJI_20230627133158_0097_V.txt,9,5280,3956,22fdefe5122000b00739f73eb6e3a1ff
val,C:\Users\Ramiro\Documents\Trabajo Integrador\cowtrack\data\processed\yolo_aerial_baseline\images\val\val_00034_DJI_20230605184541_0010_V.jpg,C:\Users\Ramiro\Documents\Trabajo Integrador\cowtrack\data\processed\yolo_aerial_baseline\labels\val\val_00034_DJI_20230605184541_0010_V.txt,29,4000,3000,7112765a1f0063b953c4a57ddebda386
val,C:\Users\Ramiro\Documents\Trabajo Integrador\cowtrack\data\processed\yolo_aerial_baseline\images\val\val_00035_DJI_20230926115418_0050_V.jpg,C:\Users\Ramiro\Documents\Trabajo Integrador\cowtrack\data\processed\yolo_aerial_baseline\labels\val\val_00035_DJI_20230926115418_0050_V.txt,0,5280,3956,bfd090f41ab933c1be30e04066fd5da4
val,C:\Users\Ramiro\Documents\Trabajo Integrador\cowtrack\data\processed\yolo_aerial_baseline\images\val\val_00036_DJI_20230726084547_0031_V.jpg,C:\Users\Ramiro\Documents\Trabajo Integrador\cowtrack\data\processed\yolo_aerial_baseline\labels\val\val_00036_DJI_20230726084547_0031_V.txt,0,5280,3956,34cb78acca1047280bd9fd22b704db63
val,C:\Users\Ramiro\Documents\Trabajo Integrador\cowtrack\data\processed\yolo_aerial_baseline\images\val\val_00037_DJI_20230926135549_0023_V.jpg,C:\Users\Ramiro\Documents\Trabajo Integrador\cowtrack\data\processed\yolo_aerial_baseline\labels\val\val_00037_DJI_20230926135549_0023_V.txt,36,5280,3956,f8cfe9f1883ad002159be1aedab2f8f6
val,C:\Users\Ramiro\Documents\Trabajo Integrador\cowtrack\data\processed\yolo_aerial_baseline\images\val\val_00038_DJI_20230627132813_0024_V.jpg,C:\Users\Ramiro\Documents\Trabajo Integrador\cowtrack\data\processed\yolo_aerial_baseline\labels\val\val_00038_DJI_20230627132813_0024_V.txt,4,5280,3956,1040f56f5af6b86e79ebab5a3a328ef2
val,C:\Users\Ramiro\Documents\Trabajo Integrador\cowtrack\data\processed\yolo_aerial_baseline\images\val\val_00039_DJI_20230809145641_0047_V.jpg,C:\Users\Ramiro\Documents\Trabajo Integrador\cowtrack\data\processed\yolo_aerial_baseline\labels\val\val_00039_DJI_20230809145641_0047_V.txt,0,4000,3000,746dd012b8b96636eb385f438707fa09
val,C:\Users\Ramiro\Documents\Trabajo Integrador\cowtrack\data\processed\yolo_aerial_baseline\images\val\val_00040_DJI_20230627132958_0058_V.jpg,C:\Users\Ramiro\Documents\Trabajo Integrador\cowtrack\data\processed\yolo_aerial_baseline\labels\val\val_00040_DJI_20230627132958_0058_V.txt,6,5280,3956,032cbac6a9c09d1075708b93925c0aa0
val,C:\Users\Ramiro\Documents\Trabajo Integrador\cowtrack\data\processed\yolo_aerial_baseline\images\val\val_00041_DJI_20230926114522_0049_V.jpg,C:\Users\Ramiro\Documents\Trabajo Integrador\cowtrack\data\processed\yolo_aerial_baseline\labels\val\val_00041_DJI_20230926114522_0049_V.txt,0,5280,3956,ccf8b4e336186bafec0153aac0ed5ade
val,C:\Users\Ramiro\Documents\Trabajo Integrador\cowtrack\data\processed\yolo_aerial_baseline\images\val\val_00042_DJI_20230809151117_0003_V.jpg,C:\Users\Ramiro\Documents\Trabajo Integrador\cowtrack\data\processed\yolo_aerial_baseline\labels\val\val_00042_DJI_20230809151117_0003_V.txt,3,4000,3000,63d76e565d74d9556da6f55097ab47c1
val,C:\Users\Ramiro\Documents\Trabajo Integrador\cowtrack\data\processed\yolo_aerial_baseline\images\val\val_00043_DJI_20230726084408_0011_V.jpg,C:\Users\Ramiro\Documents\Trabajo Integrador\cowtrack\data\processed\yolo_aerial_baseline\labels\val\val_00043_DJI_20230726084408_0011_V.txt,9,5280,3956,20e8d244e3014d3363dd06bb12f9ae9c
val,C:\Users\Ramiro\Documents\Trabajo Integrador\cowtrack\data\processed\yolo_aerial_baseline\images\val\val_00044_DJI_20230623110909_0028_V.jpg,C:\Users\Ramiro\Documents\Trabajo Integrador\cowtrack\data\processed\yolo_aerial_baseline\labels\val\val_00044_DJI_20230623110909_0028_V.txt,7,5280,3956,a32d6628f098b0a32f9c3d5252fe3215
val,C:\Users\Ramiro\Documents\Trabajo Integrador\cowtrack\data\processed\yolo_aerial_baseline\images\val\val_00045_DJI_20230809145639_0044_V.jpg,C:\Users\Ramiro\Documents\Trabajo Integrador\cowtrack\data\processed\yolo_aerial_baseline\labels\val\val_00045_DJI_20230809145639_0044_V.txt,0,4000,3000,65913a2384eb9d1a98b8562067261957
val,C:\Users\Ramiro\Documents\Trabajo Integrador\cowtrack\data\processed\yolo_aerial_baseline\images\val\val_00046_DJI_20230627132910_0042_V.jpg,C:\Users\Ramiro\Documents\Trabajo Integrador\cowtrack\data\processed\yolo_aerial_baseline\labels\val\val_00046_DJI_20230627132910_0042_V.txt,0,5280,3956,6a85d9cb3bbc4604bbc1c12d81a92e95
val,C:\Users\Ramiro\Documents\Trabajo Integrador\cowtrack\data\processed\yolo_aerial_baseline\images\val\val_00047_DJI_20230926115248_0032_V.jpg,C:\Users\Ramiro\Documents\Trabajo Integrador\cowtrack\data\processed\yolo_aerial_baseline\labels\val\val_00047_DJI_20230926115248_0032_V.txt,24,5280,3956,c0deb19538dbbc5bd5503bc57106ed01
val,C:\Users\Ramiro\Documents\Trabajo Integrador\cowtrack\data\processed\yolo_aerial_baseline\images\val\val_00048_DJI_20230607180621_0005_V.jpg,C:\Users\Ramiro\Documents\Trabajo Integrador\cowtrack\data\processed\yolo_aerial_baseline\labels\val\val_00048_DJI_20230607180621_0005_V.txt,0,4000,3000,fffb75ef8ae4d76488a52767439fafec
